Prefecture,District,year,LDP_Percentage,Other Party Percentage
1,1,2017,46.52%,53.48%
1,1,2014,39.55%,43.47%
1,1,2012,31.07%,28.89%
1,1,2009,36.85%,54.30%
1,1,2005,40.83%,45.73%
1,1,2003,34.56%,55.44%
1,1,2000,29.09%,50.70%
1,1,1996,25.17%,45.88%
1,2,2017,41.35%,29.36%
1,2,2014,38.85%,24.70%
1,2,2012,34.97%,23.23%
1,2,2009,30.80%,54.22%
1,2,2005,44.49%,45.31%
1,2,2003,35.35%,45.61%
1,2,2000,31.18%,26.14%
1,2,1996,29.94%,34.74%
1,3,2017,45.64%,54.36%
1,3,2014,39.47%,36.46%
1,3,2012,36.88%,26.96%
1,3,2009,36.92%,60.88%
1,3,2005,48.39%,43.74%
1,3,2003,45.61%,46.79%
1,3,2000,37.99%,40.48%
1,3,1996,26.31%,24.95%
1,4,2017,45.92%,39.99%
1,4,2014,45.36%,40.90%
1,4,2012,44.22%,29.57%
1,4,2009,32.81%,65.47%
1,4,2005,43.75%,47.18%
1,4,2003,40.83%,49.04%
1,4,2000,42.93%,39.54%
1,4,1996,30.72%,28.07%
1,5,2017,49.84%,47.49%
1,5,2014,50.95%,36.83%
1,5,2012,48.62%,26.15%
1,5,2009,44.57%,53.84%
1,5,2005,54.19%,38.80%
1,5,2003,46.95%,43.73%
1,5,2000,45.95%,31.44%
1,5,1996,49.77%,27.17%
1,6,2017,45.51%,54.49%
1,6,2014,44.05%,45.28%
1,6,2012,42.95%,28.86%
1,6,2009,37.81%,55.43%
1,6,2005,45.77%,46.66%
1,6,2003,40.16%,39.94%
1,6,2000,38.87%,39.95%
1,6,1996,29.66%,48.72%
1,7,2017,66.60%,33.40%
1,7,2014,45.88%,45.73%
1,7,2012,47.24%,33.06%
1,7,2009,49.70%,49.24%
1,7,2005,43.94%,48.26%
1,7,2003,49.84%,42.23%
1,7,2000,47.17%,30.37%
1,7,1996,28.42%,42.75%
1,8,2017,44.60%,55.40%
1,8,2014,44.22%,47.32%
1,8,2012,47.53%,34.09%
1,8,2009,21.24%,62.60%
1,8,2005,42.12%,49.80%
1,8,2003,29.49%,42.25%
1,8,2000,42.65%,47.27%
1,8,1996,40.81%,47.53%
1,9,2017,46.75%,37.97%
1,9,2014,45.73%,40.32%
1,9,2012,55.19%,28.07%
1,9,2009,26.06%,66.36%
1,9,2005,43.05%,49.26%
1,9,2003,42.07%,50.02%
1,9,2000,44.58%,45.45%
1,9,1996,27.53%,52.79%
1,10,2017,"0,00 %",50.13%
1,10,2014,"0,00 %",48.52%
1,10,2012,"0,00 %",43.09%
1,10,2009,35.03%,62.57%
1,10,2005,23.19%,40.87%
1,10,2003,43.22%,49.29%
1,10,2000,39.58%,48.22%
1,10,1996,36.01%,49.81%
1,11,2017,45.53%,54.47%
1,11,2014,52.22%,36.81%
1,11,2012,50.99%,41.23%
1,11,2009,40.90%,54.03%
1,11,2005,51.62%,40.63%
1,11,2003,62.05%,28.97%
1,11,2000,57.74%,29.56%
1,11,1996,53.53%,36.95%
1,12,2017,54.14%,32.57%
1,12,2014,53.43%,35.89%
1,12,2012,50.33%,29.23%
1,12,2009,46.45%,52.41%
1,12,2005,51.61%,42.22%
1,12,2003,54.33%,38.01%
1,12,2000,53.24%,39.29%
1,12,1996,52.02%,39.52%
1,13,2017,66.60%,33.40%
1,13,2014,45.88%,45.73%
1,13,2012,47.24%,33.06%
1,13,2009,49.70%,49.24%
1,13,2005,43.94%,48.26%
1,13,2003,49.84%,42.23%
1,13,2000,47.17%,30.37%
1,13,1996,28.42%,42.75%
2,1,2017,54.93%,34.16%
2,1,2014,45.06%,42.47%
2,1,2012,40.47%,26.19%
2,1,2009,"0,00 %",44.47%
2,1,2005,40.42%,34.08%
2,1,2003,39.70%,36.43%
2,1,2000,51.39%,21.64%
2,1,1996,43.63%,36.36%
2,2,2017,64.03%,26.86%
2,2,2014,67.48%,23.55%
2,2,2012,65.22%,14.99%
2,2,2009,54.01%,40.10%
2,2,2005,58.26%,29.90%
2,2,2003,75.07%,16.70%
2,2,2000,43.29%,46.92%
2,2,1996,41.86%,41.36%
2,3,2017,64.22%,25.49%
2,3,2014,51.22%,42.46%
2,3,2012,53.69%,33.08%
2,3,2009,49.48%,49.28%
2,3,2005,53.10%,43.13%
2,3,2003,53.49%,43.25%
2,3,2000,56.61%,38.83%
2,3,1996,52.46%,44.22%
2,4,2017,59.47%,28.63%
2,4,2014,66.47%,22.34%
2,4,2012,52.59%,45.67%
2,4,2009,55.89%,20.39%
2,4,2005,63.63%,23.49%
2,4,2003,68.98%,19.89%
2,4,2000,36.64%,52.45%
3,1,2017,34.47%,52.58%
3,1,2014,31.44%,52.02%
3,1,2012,27.33%,34.72%
3,1,2009,26.17%,60.23%
3,1,2005,35.43%,51.69%
3,1,2003,34.11%,53.62%
3,1,2000,37.71%,43.02%
3,1,1996,29.89%,40.58%
3,2,2017,56.79%,43.21%
3,2,2014,50.12%,42.19%
3,2,2012,56.54%,37.31%
3,2,2009,44.56%,54.22%
3,2,2005,55.31%,44.69%
3,2,2003,58.43%,36.30%
3,2,2000,58.68%,26.50%
3,2,1996,47.58%,41.20%
3,3,2017,42.58%,57.42%
3,3,2014,32.55%,56.64%
3,3,2012,23.98%,41.49%
3,3,2009,31.48%,66.99%
3,3,2005,37.51%,55.06%
3,3,2003,43.18%,51.01%
3,3,2000,16.07%,30.85%
3,3,1996,32.59%,57.53%
3,4,2017,36.70%,47.79%
3,4,2014,27.91%,45.50%
3,4,2012,19.47%,62.56%
3,4,2009,23.14%,59.95%
3,4,2005,18.88%,65.11%
3,4,2003,14.50%,59.70%
3,4,2000,10.39%,64.68%
4,1,2017,46.17%,36.30%
4,1,2014,46.78%,40.65%
4,1,2012,39.18%,27.28%
4,1,2009,34.11%,58.53%
4,1,2005,47.28%,46.48%
4,1,2003,40.20%,50.78%
4,1,2000,34.93%,42.04%
4,1,1996,14.88%,40.83%
4,2,2017,50.30%,49.70%
4,2,2014,45.52%,30.25%
4,2,2012,33.45%,19.79%
4,2,2009,36.68%,58.85%
4,2,2005,52.78%,39.97%
4,2,2003,43.79%,45.37%
4,2,2000,42.21%,47.75%
4,2,1996,35.81%,32.86%
4,3,2017,60.31%,26.40%
4,3,2014,54.49%,34.99%
4,3,2012,58.24%,31.02%
4,3,2009,43.49%,55.04%
4,3,2005,52.26%,41.75%
4,3,2003,46.35%,46.20%
4,3,2000,51.99%,25.23%
4,3,1996,53.14%,34.53%
4,4,2017,58.45%,27.45%
4,4,2014,57.28%,29.35%
4,4,2012,44.28%,29.94%
4,4,2009,40.83%,52.87%
4,4,2005,54.54%,37.54%
4,4,2003,40.18%,32.12%
4,4,2000,57.48%,27.43%
4,4,1996,44.67%,35.31%
4,5,2017,36.09%,63.91%
4,5,2014,31.52%,59.51%
4,5,2012,27.71%,57.86%
4,5,2009,41.43%,58.57%
4,5,2005,44.36%,50.66%
4,5,2003,44.50%,50.75%
4,5,2000,46.40%,47.23%
4,5,1996,12.06%,40.09%
4,6,2017,85.72%,14.28%
4,6,2014,70.60%,22.88%
4,6,2012,78.10%,16.81%
4,6,2009,63.69%,34.19%
4,6,2005,63.53%,31.18%
4,6,2003,50.71%,35.80%
4,6,2000,28.20%,37.65%
4,6,1996,44.97%,44.55%
5,1,2017,53.72%,36.42%
5,1,2014,47.02%,40.92%
5,1,2012,46.71%,31.36%
5,1,2009,34.40%,51.86%
5,1,2005,39.44%,44.40%
5,1,2003,"0,00 %",44.12%
5,1,2000,44.02%,43.79%
5,1,1996,40.43%,45.47%
5,2,2017,46.30%,45.26%
5,2,2014,54.70%,37.80%
5,2,2012,51.48%,32.21%
5,2,2009,42.04%,42.66%
5,2,2005,24.88%,37.61%
5,2,2003,53.65%,27.47%
5,2,2000,54.30%,30.02%
5,2,1996,54.94%,34.31%
5,3,2017,50.57%,44.13%
5,3,2014,47.79%,44.94%
5,3,2012,42.68%,32.69%
5,3,2009,33.30%,37.42%
5,3,2005,41.32%,29.83%
5,3,2003,43.55%,49.68%
5,3,2000,63.00%,16.87%
5,3,1996,57.89%,32.75%
6,1,2017,57.27%,34.29%
6,1,2014,61.14%,28.57%
6,1,2012,54.63%,37.65%
6,1,2009,45.67%,46.23%
6,1,2005,56.38%,38.89%
6,1,2003,49.89%,40.39%
6,1,2000,40.48%,52.03%
6,1,1996,36.21%,48.31%
6,2,2017,51.64%,43.23%
6,2,2014,49.10%,45.34%
6,2,2012,46.06%,37.41%
6,2,2009,31.92%,65.53%
6,2,2005,54.84%,45.16%
6,2,2003,51.80%,44.42%
6,2,2000,51.26%,42.34%
6,2,1996,40.26%,50.91%
6,3,2017,52.18%,41.01%
6,3,2014,42.86%,42.06%
6,3,2012,35.24%,35.98%
6,3,2009,56.86%,35.01%
6,3,2005,69.58%,21.40%
6,3,2003,"0,00 %",58.92%
6,3,2000,57.22%,36.32%
6,3,1996,58.08%,35.90%
6,4,2017,72.14%,19.84%
6,4,2014,65.77%,22.39%
7,1,2017,47.26%,52.74%
7,1,2014,47.36%,44.92%
7,1,2012,50.97%,21.08%
7,1,2009,43.76%,50.03%
7,1,2005,56.84%,36.39%
7,1,2003,34.92%,34.24%
7,1,2000,30.25%,23.31%
7,1,1996,40.38%,36.61%
7,2,2017,52.59%,32.23%
7,2,2014,55.24%,35.16%
7,2,2012,52.11%,14.58%
7,2,2009,45.49%,53.53%
7,2,2005,52.79%,42.48%
7,2,2003,51.02%,44.31%
7,2,2000,52.45%,35.92%
7,2,1996,49.27%,43.64%
7,3,2017,36.56%,56.62%
7,3,2014,31.23%,59.99%
7,3,2012,28.23%,62.33%
7,3,2009,26.24%,73.76%
7,3,2005,31.45%,68.55%
7,3,2003,44.42%,52.04%
7,3,2000,41.37%,53.77%
7,3,1996,46.18%,44.40%
7,4,2017,44.66%,43.86%
7,4,2014,42.48%,42.80%
7,4,2012,49.01%,34.18%
7,4,2009,26.59%,49.40%
7,4,2005,44.96%,48.48%
7,4,2003,42.05%,52.26%
7,4,2000,43.72%,50.70%
7,4,1996,45.45%,48.73%
7,5,2017,53.61%,31.92%
7,5,2014,46.57%,39.33%
7,5,2012,34.94%,30.99%
7,5,2009,38.71%,59.05%
7,5,2005,47.62%,39.23%
7,5,2003,48.13%,40.42%
7,5,2000,52.59%,35.57%
7,5,1996,38.08%,38.24%
8,1,2017,48.43%,39.77%
8,1,2014,49.14%,35.94%
8,1,2012,45.34%,28.96%
8,1,2009,34.95%,57.10%
8,1,2005,58.27%,35.08%
8,1,2003,58.71%,35.41%
8,1,2000,58.98%,23.72%
8,1,1996,52.71%,28.96%
8,2,2017,59.21%,32.45%
8,2,2014,76.66%,23.34%
8,2,2012,56.28%,23.68%
8,2,2009,47.88%,49.07%
8,2,2005,64.75%,30.46%
8,2,2003,66.53%,28.96%
8,2,2000,67.20%,27.17%
8,2,1996,61.90%,30.71%
8,3,2017,57.04%,25.76%
8,3,2014,57.64%,26.36%
8,3,2012,50.86%,20.92%
8,3,2009,40.13%,57.14%
8,3,2005,46.82%,34.03%
8,3,2003,48.92%,44.13%
8,3,2000,47.83%,38.68%
8,3,1996,49.95%,32.86%
8,4,2017,69.95%,21.10%
8,4,2014,64.47%,27.98%
8,4,2012,65.11%,27.71%
8,4,2009,50.73%,47.34%
8,4,2005,63.20%,31.00%
8,4,2003,74.07%,17.83%
8,4,2000,83.35%,16.65%
8,4,1996,68.33%,23.00%
8,5,2017,48.17%,43.97%
8,5,2014,42.76%,48.30%
8,5,2012,41.80%,49.30%
8,5,2009,36.38%,61.27%
8,5,2005,46.31%,49.39%
8,5,2003,41.86%,52.71%
8,5,2000,43.22%,45.73%
8,5,1996,51.55%,39.75%
8,6,2017,45.89%,43.29%
8,6,2014,51.80%,37.02%
8,6,2012,38.19%,19.02%
8,6,2009,41.96%,54.33%
8,6,2005,56.61%,30.79%
8,6,2003,58.55%,33.61%
8,6,2000,56.55%,23.10%
8,6,1996,56.98%,20.30%
8,7,2017,39.47%,48.99%
8,7,2014,37.96%,51.12%
8,7,2012,31.35%,42.69%
8,7,2009,30.05%,36.99%
8,7,2005,38.42%,42.14%
8,7,2003,64.18%,29.28%
8,7,2000,"0,00 %",44.15%
8,7,1996,"0,00 %",53.64%
9,1,2017,51.87%,24.30%
9,1,2014,56.45%,32.49%
9,1,2012,46.63%,26.15%
9,1,2009,41.30%,53.99%
9,1,2005,55.43%,40.54%
9,1,2003,53.07%,43.96%
9,1,2000,40.74%,47.97%
9,1,1996,"0,00 %",63.36%
9,2,2017,46.59%,53.41%
9,2,2014,46.54%,46.69%
9,2,2012,38.64%,32.01%
9,2,2009,35.68%,62.94%
9,2,2005,53.31%,46.69%
9,2,2003,59.49%,37.10%
9,2,2000,48.08%,46.26%
9,2,1996,52.56%,39.70%
9,3,2017,57.77%,33.26%
9,3,2014,48.74%,40.05%
9,3,2012,35.08%,60.26%
9,3,2009,"0,00 %",95.30%
9,3,2005,63.99%,27.03%
9,3,2003,74.90%,18.26%
9,3,2000,83.38%,16.62%
9,3,1996,83.51%,16.49%
9,4,2017,54.44%,37.36%
9,4,2014,59.13%,32.20%
9,4,2012,51.13%,22.83%
9,4,2009,40.20%,51.45%
9,4,2005,54.24%,41.93%
9,4,2003,52.75%,43.95%
9,4,2000,48.81%,27.89%
9,4,1996,53.33%,37.73%
9,5,2017,61.95%,28.71%
9,5,2014,76.54%,23.46%
9,5,2012,67.31%,25.60%
9,5,2009,51.67%,47.19%
9,5,2005,68.93%,31.07%
9,5,2003,74.09%,20.89%
9,5,2000,63.61%,28.74%
9,5,1996,47.47%,42.83%
10,1,2017,48.75%,37.66%
10,1,2014,32.99%,29.05%
10,1,2012,45.01%,22.26%
10,1,2009,42.97%,48.00%
10,1,2005,55.82%,32.02%
10,1,2003,60.49%,32.03%
10,1,2000,59.13%,27.16%
10,1,1996,49.89%,26.29%
10,2,2017,55.88%,30.40%
10,2,2014,53.62%,33.65%
10,2,2012,49.58%,29.44%
10,2,2009,41.17%,51.88%
10,2,2005,47.30%,46.63%
10,2,2003,43.38%,32.39%
10,2,2000,39.74%,29.32%
10,2,1996,34.44%,47.14%
10,3,2017,55.30%,44.70%
10,3,2014,56.15%,33.15%
10,3,2012,51.11%,22.95%
10,3,2009,44.23%,53.99%
10,3,2005,58.07%,36.47%
10,3,2003,54.87%,40.31%
10,3,2000,57.56%,35.25%
10,3,1996,51.49%,24.94%
10,4,2017,60.78%,23.57%
10,4,2014,71.29%,28.71%
10,4,2012,55.73%,25.43%
10,4,2009,51.91%,45.94%
10,4,2005,62.81%,29.87%
10,4,2003,62.15%,30.43%
10,4,2000,57.68%,29.94%
10,4,1996,45.99%,28.17%
10,5,2017,64.95%,17.88%
10,5,2014,71.02%,14.64%
10,5,2012,77.26%,12.97%
10,5,2009,70.97%,24.65%
10,5,2005,67.84%,24.55%
10,5,2003,76.96%,14.71%
10,5,2000,76.38%,16.66%
10,5,1996,70.70%,18.48%
11,1,2017,46.88%,33.27%
11,1,2014,46.93%,36.77%
11,1,2012,39.74%,31.62%
11,1,2009,28.97%,60.91%
11,1,2005,43.08%,44.20%
11,1,2003,"0,00 %",56.27%
11,1,2000,35.22%,42.65%
11,1,1996,38.96%,36.59%
11,2,2017,52.49%,30.89%
11,2,2014,64.79%,35.21%
11,2,2012,46.57%,22.19%
11,2,2009,40.09%,50.02%
11,2,2005,51.80%,39.34%
11,2,2003,40.65%,51.01%
11,2,2000,35.28%,33.99%
11,2,1996,36.31%,36.60%
11,3,2017,44.62%,34.37%
11,3,2014,49.64%,34.80%
11,3,2012,35.53%,23.74%
11,3,2009,37.05%,60.01%
11,3,2005,51.33%,40.26%
11,3,2003,46.28%,46.54%
11,3,2000,39.10%,47.03%
11,3,1996,26.91%,31.41%
11,4,2017,37.41%,25.27%
11,4,2014,48.11%,33.65%
11,4,2012,35.94%,26.99%
11,4,2009,33.54%,54.25%
11,4,2005,48.78%,40.69%
11,4,2003,41.07%,48.00%
11,4,2000,32.55%,49.30%
11,4,1996,25.40%,39.25%
11,5,2017,37.12%,57.40%
11,5,2014,44.36%,46.09%
11,5,2012,40.79%,45.37%
11,5,2009,38.47%,59.15%
11,5,2005,43.22%,48.68%
11,5,2003,35.63%,56.41%
11,5,2000,36.76%,45.52%
11,5,1996,30.89%,26.44%
11,6,2017,40.50%,46.75%
11,6,2014,41.90%,46.18%
11,6,2012,37.94%,37.85%
11,6,2009,30.59%,67.56%
11,6,2005,45.09%,45.64%
11,6,2003,"0,00 %",48.06%
11,6,2000,"0,00 %",35.62%
11,6,1996,32.56%,36.89%
11,7,2017,44.12%,37.99%
11,7,2014,42.99%,35.48%
11,7,2012,35.01%,19.81%
11,7,2009,34.54%,54.94%
11,7,2005,48.77%,42.50%
11,7,2003,42.39%,46.82%
11,7,2000,34.48%,24.08%
11,7,1996,26.56%,37.31%
11,8,2017,49.53%,32.77%
11,8,2014,50.33%,33.35%
11,8,2012,42.37%,23.03%
11,8,2009,39.11%,49.08%
11,8,2005,52.53%,34.81%
11,8,2003,39.12%,38.27%
11,8,2000,27.35%,28.33%
11,8,1996,29.41%,31.21%
11,9,2017,53.19%,27.40%
11,9,2014,53.01%,28.63%
11,9,2012,47.17%,21.62%
11,9,2009,41.25%,56.69%
11,9,2005,53.78%,37.60%
11,9,2003,48.39%,43.93%
11,9,2000,48.65%,36.22%
11,9,1996,37.81%,22.53%
11,10,2017,47.99%,37.13%
11,10,2014,47.35%,36.90%
11,10,2012,44.07%,29.00%
11,10,2009,42.45%,55.13%
11,10,2005,54.97%,36.77%
11,10,2003,49.82%,42.75%
11,10,2000,49.17%,33.47%
11,10,1996,46.36%,27.04%
11,11,2017,"0,00 %",46.38%
11,11,2014,29.30%,55.35%
11,11,2012,28.13%,60.51%
11,11,2009,25.64%,70.67%
11,11,2005,40.14%,38.12%
11,11,2003,63.87%,27.37%
11,11,2000,33.87%,38.79%
11,11,1996,39.14%,25.75%
11,12,2017,44.96%,44.71%
11,12,2014,38.58%,30.53%
11,12,2012,31.99%,26.98%
11,12,2009,40.89%,57.15%
11,12,2005,56.00%,36.55%
11,12,2003,51.71%,40.68%
11,12,2000,48.85%,41.15%
11,12,1996,38.63%,40.37%
11,13,2017,52.46%,29.09%
11,13,2014,50.25%,25.03%
11,13,2012,38.92%,22.57%
11,13,2009,36.10%,51.48%
11,13,2005,54.12%,37.22%
11,13,2003,43.17%,42.87%
11,13,2000,"0,00 %",51.66%
11,13,1996,"0,00 %",58.59%
11,14,2017,47.53%,30.29%
11,14,2014,47.56%,36.13%
11,14,2012,37.92%,32.38%
11,14,2009,39.31%,57.18%
11,14,2005,53.12%,38.23%
11,14,2003,50.25%,41.93%
11,14,2000,37.70%,21.84%
11,14,1996,39.87%,39.28%
11,15,2017,48.23%,24.43%
11,15,2014,52.31%,32.29%
11,15,2012,42.67%,23.77%
11,15,2009,37.05%,52.13%
11,15,2005,49.00%,39.07%
11,15,2003,33.56%,46.30%
12,1,2017,40.69%,40.03%
12,1,2014,37.31%,41.10%
12,1,2012,30.18%,33.20%
12,1,2009,37.67%,56.69%
12,1,2005,51.11%,43.36%
12,1,2003,43.86%,49.21%
12,1,2000,44.80%,32.91%
12,1,1996,42.71%,22.04%
12,2,2017,48.81%,24.20%
12,2,2014,54.23%,25.83%
12,2,2012,40.34%,21.71%
12,2,2009,33.17%,57.09%
12,2,2005,46.91%,42.64%
12,2,2003,40.60%,48.37%
12,2,2000,30.50%,34.19%
12,2,1996,37.10%,29.51%
12,3,2017,53.27%,32.42%
12,3,2014,53.37%,18.92%
12,3,2012,44.24%,17.08%
12,3,2009,42.46%,55.46%
12,3,2005,53.24%,41.89%
12,3,2003,47.30%,47.81%
12,3,2000,39.01%,26.27%
12,3,1996,34.45%,39.90%
12,4,2017,28.11%,59.59%
12,4,2014,29.32%,51.69%
12,4,2012,25.31%,57.28%
12,4,2009,28.26%,53.64%
12,4,2005,44.57%,44.90%
12,4,2003,32.94%,55.77%
12,4,2000,30.96%,47.27%
12,4,1996,31.99%,31.94%
12,5,2017,51.02%,29.91%
12,5,2014,53.80%,29.20%
12,5,2012,35.31%,22.11%
12,5,2009,32.53%,49.75%
12,5,2005,54.06%,38.51%
12,5,2003,32.71%,38.95%
12,5,2000,34.72%,43.48%
12,5,1996,30.28%,32.25%
12,6,2017,43.50%,37.21%
12,6,2014,45.87%,29.95%
12,6,2012,35.38%,23.52%
12,6,2009,33.03%,49.39%
12,6,2005,52.93%,38.91%
12,6,2003,44.07%,46.75%
12,6,2000,38.48%,41.04%
12,6,1996,39.22%,35.66%
12,7,2017,54.53%,24.40%
12,7,2014,55.05%,24.12%
12,7,2012,45.81%,12.96%
12,7,2009,40.71%,49.05%
12,7,2005,49.07%,43.22%
12,7,2003,41.58%,48.03%
12,7,2000,38.78%,29.73%
12,7,1996,36.38%,27.29%
12,8,2017,48.76%,34.81%
12,8,2014,49.20%,34.77%
12,8,2012,41.00%,24.82%
12,8,2009,37.40%,53.56%
12,8,2005,51.87%,39.99%
12,8,2003,44.37%,46.76%
12,8,2000,38.25%,39.62%
12,8,1996,34.00%,30.67%
12,9,2017,46.79%,38.75%
12,9,2014,42.94%,34.60%
12,9,2012,35.50%,28.14%
12,9,2009,40.53%,54.55%
12,9,2005,56.93%,32.14%
12,9,2003,49.34%,42.58%
12,9,2000,42.94%,29.57%
12,9,1996,34.50%,36.26%
12,10,2017,53.12%,39.21%
12,10,2014,55.05%,37.05%
12,10,2012,57.10%,32.50%
12,10,2009,46.95%,51.67%
12,10,2005,56.27%,39.15%
12,10,2003,43.57%,37.61%
12,10,2000,63.89%,19.25%
12,10,1996,63.87%,24.88%
12,11,2017,59.99%,26.18%
12,11,2014,63.14%,22.07%
12,11,2012,65.04%,24.30%
12,11,2009,49.73%,47.93%
12,11,2005,62.65%,30.46%
12,11,2003,63.06%,29.06%
12,11,2000,66.35%,22.32%
12,11,1996,61.60%,24.33%
12,12,2017,63.35%,19.29%
12,12,2014,74.29%,25.71%
12,12,2012,65.18%,27.24%
12,12,2009,53.10%,45.44%
12,12,2005,57.62%,37.12%
12,12,2003,53.93%,40.80%
12,12,2000,58.63%,26.77%
12,12,1996,54.04%,32.18%
12,13,2017,45.84%,28.28%
12,13,2014,50.90%,34.22%
12,13,2012,41.02%,27.66%
12,13,2009,38.91%,57.02%
12,13,2005,54.41%,38.60%
12,13,2003,48.30%,44.93%
13,1,2017,39.41%,40.69%
13,1,2014,42.66%,35.57%
13,1,2012,29.31%,28.91%
13,1,2009,43.51%,47.43%
13,1,2005,54.58%,36.92%
13,1,2003,43.99%,44.60%
13,1,2000,40.09%,41.25%
13,1,1996,39.19%,30.39%
13,2,2017,45.90%,37.06%
13,2,2014,42.63%,23.95%
13,2,2012,32.35%,24.72%
13,2,2009,36.30%,51.03%
13,2,2005,50.94%,39.17%
13,2,2003,42.22%,47.98%
13,2,2000,38.67%,41.89%
13,2,1996,34.75%,44.73%
13,3,2017,43.58%,38.18%
13,3,2014,44.25%,42.62%
13,3,2012,41.95%,41.26%
13,3,2009,38.79%,52.21%
13,3,2005,50.73%,41.39%
13,3,2003,43.94%,47.30%
13,3,2000,33.14%,33.70%
13,3,1996,32.19%,29.81%
13,4,2017,50.08%,23.24%
13,4,2014,50.34%,22.49%
13,4,2012,39.37%,18.30%
13,4,2009,35.09%,37.52%
13,4,2005,46.71%,33.66%
13,4,2003,41.36%,35.55%
13,4,2000,"0,00 %",38.42%
13,4,1996,22.68%,38.16%
13,5,2017,41.15%,40.28%
13,5,2014,39.75%,25.71%
13,5,2012,30.54%,23.52%
13,5,2009,40.77%,50.32%
13,5,2005,53.35%,38.82%
13,5,2003,41.02%,44.10%
13,5,2000,33.20%,34.87%
13,5,1996,37.93%,23.02%
13,6,2017,40.01%,40.81%
13,6,2014,44.10%,35.37%
13,6,2012,32.92%,23.53%
13,6,2009,33.27%,56.36%
13,6,2005,46.31%,44.12%
13,6,2003,31.17%,52.20%
13,6,2000,22.18%,37.31%
13,6,1996,26.24%,34.46%
13,7,2017,36.80%,50.52%
13,7,2014,35.66%,44.61%
13,7,2012,29.97%,38.25%
13,7,2009,29.07%,61.26%
13,7,2005,48.91%,42.12%
13,7,2003,36.03%,43.06%
13,7,2000,33.51%,35.71%
13,7,1996,30.19%,26.44%
13,8,2017,39.22%,29.96%
13,8,2014,47.56%,30.02%
13,8,2012,46.93%,25.15%
13,8,2009,49.95%,39.52%
13,8,2005,57.26%,33.26%
13,8,2003,54.98%,31.43%
13,8,2000,43.66%,31.84%
13,8,1996,32.67%,29.53%
13,9,2017,49.17%,26.03%
13,9,2014,51.40%,27.42%
13,9,2012,53.49%,20.56%
13,9,2009,42.49%,47.24%
13,9,2005,53.86%,30.88%
13,9,2003,45.83%,39.25%
13,9,2000,33.57%,35.43%
13,9,1996,19.89%,30.74%
13,10,2017,37.37%,28.77%
13,10,2014,50.73%,23.91%
13,10,2012,53.70%,23.40%
13,10,2009,43.31%,47.24%
13,10,2005,50.05%,23.04%
13,10,2003,45.18%,42.67%
13,10,2000,38.76%,34.93%
13,10,1996,30.66%,26.45%
13,11,2017,44.90%,25.88%
13,11,2014,56.06%,18.64%
13,11,2012,45.48%,19.26%
13,11,2009,42.38%,41.13%
13,11,2005,55.02%,31.89%
13,11,2003,48.95%,37.67%
13,11,2000,37.76%,27.17%
13,11,1996,30.09%,26.97%
13,12,2017,"0,00 %",51.64%
13,12,2014,"0,00 %",41.64%
13,12,2012,"0,00 %",51.43%
13,12,2009,"0,00 %",45.20%
13,12,2005,"0,00 %",43.18%
13,12,2003,"0,00 %",44.05%
13,12,2000,40.73%,29.31%
13,12,1996,28.41%,27.87%
13,13,2017,55.23%,30.68%
13,13,2014,55.55%,21.14%
13,13,2012,50.31%,20.40%
13,13,2009,43.70%,44.90%
13,13,2005,53.82%,33.38%
13,13,2003,42.61%,43.58%
13,13,2000,42.04%,24.60%
13,13,1996,32.30%,35.02%
13,14,2017,46.94%,28.50%
13,14,2014,46.56%,33.71%
13,14,2012,42.52%,18.92%
13,14,2009,40.48%,47.80%
13,14,2005,55.37%,32.22%
13,14,2003,34.34%,32.77%
13,14,2000,"0,00 %",40.01%
13,14,1996,33.19%,34.56%
13,15,2017,45.55%,31.67%
13,15,2014,39.99%,41.29%
13,15,2012,31.04%,36.93%
13,15,2009,32.28%,42.39%
13,15,2005,54.36%,35.18%
13,15,2003,35.43%,30.02%
13,15,2000,28.08%,28.83%
13,15,1996,36.43%,27.73%
13,16,2017,40.91%,34.59%
13,16,2014,46.25%,26.62%
13,16,2012,38.04%,18.59%
13,16,2009,41.90%,47.35%
13,16,2005,56.96%,33.12%
13,16,2003,35.34%,31.00%
13,16,2000,30.63%,32.08%
13,16,1996,38.99%,32.56%
13,17,2017,57.95%,22.47%
13,17,2014,59.34%,21.85%
13,17,2012,55.12%,18.99%
13,17,2009,51.37%,39.64%
13,17,2005,62.96%,26.27%
13,17,2003,62.00%,28.32%
13,17,2000,37.61%,29.36%
13,17,1996,34.01%,29.40%
13,18,2017,40.29%,40.73%
13,18,2014,45.81%,38.79%
13,18,2012,32.22%,28.33%
13,18,2009,32.13%,59.46%
13,18,2005,44.50%,47.43%
13,18,2003,34.94%,58.35%
13,18,2000,24.34%,56.15%
13,18,1996,12.59%,62.45%
13,19,2017,41.14%,38.71%
13,19,2014,40.96%,33.34%
13,19,2012,34.38%,27.64%
13,19,2009,34.14%,55.04%
13,19,2005,46.26%,44.45%
13,19,2003,34.43%,52.94%
13,19,2000,27.92%,45.41%
13,19,1996,20.24%,32.52%
13,20,2017,49.89%,26.75%
13,20,2014,52.13%,24.28%
13,20,2012,40.41%,25.35%
13,20,2009,35.98%,51.23%
13,20,2005,44.55%,42.68%
13,20,2003,37.24%,50.69%
13,20,2000,"0,00 %",39.46%
13,20,1996,26.52%,26.99%
13,21,2017,39.14%,40.97%
13,21,2014,41.59%,40.78%
13,21,2012,30.84%,36.45%
13,21,2009,32.21%,57.62%
13,21,2005,46.07%,41.62%
13,21,2003,34.60%,39.19%
13,21,2000,35.13%,47.49%
13,21,1996,25.71%,28.91%
13,22,2017,43.39%,35.76%
13,22,2014,45.96%,31.50%
13,22,2012,40.04%,23.00%
13,22,2009,38.30%,50.58%
13,22,2005,52.10%,37.21%
13,22,2003,42.46%,45.91%
13,22,2000,29.01%,38.85%
13,22,1996,21.14%,29.57%
13,23,2017,44.95%,31.09%
13,23,2014,41.16%,25.04%
13,23,2012,30.16%,22.12%
13,23,2009,35.07%,54.40%
13,23,2005,54.72%,36.11%
13,23,2003,48.47%,42.34%
13,23,2000,39.58%,34.43%
13,23,1996,38.37%,21.13%
13,24,2017,49.32%,24.77%
13,24,2014,51.69%,29.21%
13,24,2012,44.22%,22.13%
13,24,2009,40.52%,49.45%
13,24,2005,53.15%,37.59%
13,24,2003,44.29%,43.43%
13,24,2000,39.81%,44.49%
13,24,1996,33.99%,29.31%
13,25,2017,51.81%,20.76%
13,25,2014,61.62%,20.13%
13,25,2012,54.35%,15.55%
13,25,2009,52.53%,23.93%
13,25,2005,56.97%,33.04%
13,25,2003,46.28%,40.93%
13,25,2000,48.90%,34.64%
13,25,1996,40.98%,35.22%
14,1,2017,47.82%,36.20%
14,1,2014,52.37%,31.31%
14,1,2012,41.20%,20.72%
14,1,2009,41.91%,48.09%
14,1,2005,58.27%,34.45%
14,1,2003,47.56%,41.56%
14,1,2000,35.54%,40.06%
14,1,1996,26.43%,26.02%
14,2,2017,57.11%,21.87%
14,2,2014,67.71%,21.69%
14,2,2012,57.93%,29.92%
14,2,2009,46.52%,46.32%
14,2,2005,58.41%,33.46%
14,2,2003,49.80%,40.28%
14,2,2000,42.30%,41.18%
14,2,1996,32.25%,30.16%
14,3,2017,50.22%,22.98%
14,3,2014,50.19%,24.62%
14,3,2012,36.98%,17.21%
14,3,2009,34.49%,48.45%
14,3,2005,53.20%,30.92%
14,3,2003,44.12%,39.67%
14,3,2000,29.27%,26.57%
14,3,1996,29.41%,31.31%
14,4,2017,28.89%,34.76%
14,4,2014,32.49%,48.12%
14,4,2012,27.84%,48.70%
14,4,2009,27.28%,37.97%
14,4,2005,52.54%,34.40%
14,4,2003,38.89%,46.88%
14,4,2000,26.70%,37.65%
14,4,1996,25.09%,20.95%
14,5,2017,51.61%,28.84%
14,5,2014,47.76%,23.95%
14,5,2012,40.76%,17.63%
14,5,2009,37.95%,50.94%
14,5,2005,51.08%,38.68%
14,5,2003,37.17%,50.33%
14,5,2000,28.54%,51.93%
14,5,1996,25.91%,35.86%
14,6,2017,"0,00 %",44.59%
14,6,2014,"0,00 %",39.85%
14,6,2012,"0,00 %",37.37%
14,6,2009,"0,00 %",51.76%
14,6,2005,"0,00 %",49.89%
14,6,2003,"0,00 %",36.71%
14,6,2000,"0,00 %",34.18%
14,6,1996,25.90%,30.98%
14,7,2017,47.00%,39.95%
14,7,2014,44.38%,22.17%
14,7,2012,42.13%,23.22%
14,7,2009,39.99%,57.19%
14,7,2005,57.06%,36.39%
14,7,2003,45.31%,46.58%
14,7,2000,32.26%,30.31%
14,7,1996,33.84%,24.29%
14,8,2017,33.67%,54.18%
14,8,2014,34.25%,54.49%
14,8,2012,25.78%,54.11%
14,8,2009,20.79%,49.14%
14,8,2005,29.41%,34.83%
14,8,2003,18.89%,38.68%
14,8,2000,26.88%,44.54%
14,8,1996,21.60%,35.93%
14,9,2017,40.32%,41.30%
14,9,2014,35.20%,37.87%
14,9,2012,31.89%,36.85%
14,9,2009,24.61%,63.54%
14,9,2005,46.55%,44.51%
14,9,2003,36.80%,50.33%
14,9,2000,27.90%,52.62%
14,9,1996,24.51%,35.07%
14,10,2017,51.46%,26.25%
14,10,2014,52.20%,30.48%
14,10,2012,37.47%,21.86%
14,10,2009,38.22%,49.26%
14,10,2005,56.44%,31.27%
14,10,2003,48.12%,37.63%
14,10,2000,39.58%,36.89%
14,10,1996,30.60%,31.21%
14,11,2017,78.02%,11.03%
14,11,2014,83.28%,16.72%
14,11,2012,79.86%,10.89%
14,11,2009,57.09%,36.56%
14,11,2005,73.16%,18.77%
14,11,2003,74.42%,19.76%
14,11,2000,69.03%,18.74%
14,11,1996,58.16%,26.17%
14,12,2017,41.89%,43.20%
14,12,2014,42.44%,42.08%
14,12,2012,34.06%,23.63%
14,12,2009,28.86%,45.88%
14,12,2005,46.92%,32.69%
14,12,2003,38.33%,39.40%
14,12,2000,26.32%,28.10%
14,12,1996,30.66%,30.15%
14,13,2017,56.14%,27.70%
14,13,2014,60.47%,25.06%
14,13,2012,42.96%,19.54%
14,13,2009,45.45%,46.10%
14,13,2005,61.07%,30.88%
14,13,2003,56.85%,35.22%
14,13,2000,45.78%,34.78%
14,13,1996,33.22%,34.03%
14,14,2017,46.48%,41.39%
14,14,2014,47.22%,36.03%
14,14,2012,40.12%,25.09%
14,14,2009,36.77%,55.40%
14,14,2005,50.95%,40.39%
14,14,2003,36.75%,43.68%
14,14,2000,26.38%,26.82%
14,14,1996,23.37%,36.90%
14,15,2017,67.63%,16.20%
14,15,2014,66.79%,16.85%
14,15,2012,79.98%,20.02%
14,15,2009,53.25%,40.52%
14,15,2005,63.88%,28.55%
14,15,2003,59.89%,30.95%
14,15,2000,47.44%,22.51%
14,15,1996,36.44%,30.72%
14,16,2017,46.91%,40.81%
14,16,2014,45.17%,45.83%
14,16,2012,40.66%,37.34%
14,16,2009,39.74%,58.80%
14,16,2005,59.26%,32.74%
14,16,2003,55.36%,36.73%
14,16,2000,52.15%,27.78%
14,16,1996,51.15%,21.02%
14,17,2017,51.27%,36.55%
14,17,2014,53.42%,35.96%
14,17,2012,38.76%,21.49%
14,17,2009,36.18%,47.76%
14,17,2005,60.69%,32.13%
14,17,2003,57.34%,34.73%
14,17,2000,56.44%,34.30%
14,17,1996,44.75%,25.08%
14,18,2017,51.14%,30.36%
14,18,2014,39.95%,27.20%
14,18,2012,40.92%,21.81%
14,18,2009,36.41%,48.82%
14,18,2005,53.74%,37.44%
14,18,2003,33.95%,37.97%
15,1,2017,46.89%,53.11%
15,1,2014,46.97%,42.87%
15,1,2012,44.07%,35.56%
15,1,2009,32.18%,60.15%
15,1,2005,42.85%,49.67%
15,1,2003,41.15%,51.08%
15,1,2000,43.16%,35.13%
15,1,1996,42.66%,39.34%
15,2,2017,43.10%,51.60%
15,2,2014,42.96%,42.90%
15,2,2012,45.52%,38.74%
15,2,2009,37.04%,52.26%
15,2,2005,49.68%,44.33%
15,2,2003,43.93%,25.79%
15,2,2000,39.74%,49.09%
15,2,1996,40.77%,38.54%
15,3,2017,49.12%,49.15%
15,3,2014,44.20%,49.13%
15,3,2012,50.16%,41.39%
15,3,2009,32.83%,66.03%
15,3,2005,50.14%,32.82%
15,3,2003,55.91%,36.16%
15,3,2000,51.15%,26.26%
15,3,1996,36.03%,29.89%
15,4,2017,43.73%,56.27%
15,4,2014,46.70%,44.85%
15,4,2012,42.59%,35.15%
15,4,2009,35.90%,62.51%
15,4,2005,41.34%,50.52%
15,4,2003,39.58%,53.45%
15,4,2000,33.21%,31.98%
15,4,1996,41.60%,30.48%
15,5,2017,51.82%,44.94%
15,5,2014,57.33%,33.49%
15,5,2012,45.73%,29.26%
15,5,2009,41.14%,49.11%
15,5,2005,40.25%,51.16%
15,5,2003,31.02%,49.14%
15,5,2000,68.62%,24.99%
15,5,1996,48.85%,38.13%
15,6,2017,50.59%,49.41%
15,6,2014,52.70%,39.55%
15,6,2012,55.08%,37.15%
15,6,2009,39.74%,55.35%
15,6,2005,44.94%,50.17%
15,6,2003,29.27%,40.65%
15,6,2000,47.07%,49.26%
15,6,1996,48.33%,46.41%
16,1,2017,59.16%,30.20%
16,1,2014,58.83%,32.95%
16,1,2012,48.55%,29.76%
16,1,2009,45.31%,49.91%
16,1,2005,52.31%,41.85%
16,1,2003,55.50%,37.39%
16,1,2000,42.92%,26.03%
16,1,1996,35.49%,30.34%
16,2,2017,74.42%,25.58%
16,2,2014,70.61%,19.89%
16,2,2012,75.02%,18.63%
16,2,2009,57.83%,40.22%
16,2,2005,57.49%,30.88%
16,2,2003,59.44%,26.75%
16,2,2000,66.65%,23.74%
16,2,1996,84.78%,15.22%
16,3,2017,63.87%,28.15%
16,3,2014,81.23%,18.77%
16,3,2012,77.08%,16.57%
16,3,2009,45.87%,36.03%
16,3,2005,34.59%,41.29%
16,3,2003,69.65%,22.59%
16,3,2000,58.52%,18.11%
16,3,1996,79.95%,13.81%
17,1,2017,59.08%,32.41%
17,1,2014,50.70%,39.53%
17,1,2012,47.87%,22.88%
17,1,2009,45.85%,49.17%
17,1,2005,53.73%,41.36%
17,1,2003,46.78%,48.13%
17,1,2000,48.82%,45.72%
17,1,1996,"0,00 %",49.36%
17,2,2017,62.33%,30.62%
17,2,2014,75.46%,21.08%
17,2,2012,64.47%,19.66%
17,2,2009,50.20%,48.39%
17,2,2005,57.63%,37.26%
17,2,2003,55.62%,39.85%
17,2,2000,64.44%,30.65%
17,2,1996,51.66%,39.40%
17,3,2017,49.05%,47.77%
17,3,2014,49.56%,45.08%
17,3,2012,54.45%,38.15%
17,3,2009,48.84%,49.85%
17,3,2005,60.00%,40.00%
17,3,2003,58.09%,37.41%
17,3,2000,72.39%,21.49%
17,3,1996,45.45%,44.46%
18,1,2017,57.34%,31.42%
18,1,2014,64.84%,26.52%
18,1,2012,52.60%,22.90%
18,1,2009,49.97%,45.64%
18,1,2005,33.40%,33.15%
18,1,2003,42.07%,40.81%
18,1,2000,43.02%,37.81%
18,1,1996,22.77%,34.02%
18,2,2017,54.18%,37.20%
18,2,2014,61.52%,31.12%
18,2,2012,52.88%,29.77%
18,2,2009,49.73%,48.78%
18,2,2005,62.60%,37.40%
18,2,2003,44.07%,30.40%
18,2,2000,68.49%,25.15%
18,2,1996,52.35%,42.97%
18,3,2017,57.90%,21.18%
18,3,2014,50.79%,46.66%
18,3,2012,60.82%,39.18%
18,3,2009,59.82%,34.71%
18,3,2005,52.55%,42.71%
18,3,2003,34.19%,36.79%
19,1,2017,43.87%,44.34%
19,1,2014,43.50%,43.96%
19,1,2012,43.56%,27.29%
19,1,2009,30.89%,60.24%
19,1,2005,44.24%,47.53%
19,1,2003,34.71%,54.90%
19,1,2000,37.81%,41.96%
19,1,1996,38.88%,33.79%
19,2,2017,"0,00 %",40.12%
19,2,2014,40.59%,50.72%
19,2,2012,35.81%,40.45%
19,2,2009,29.64%,37.55%
19,2,2005,37.48%,38.04%
19,2,2003,77.09%,22.91%
19,2,2000,75.02%,15.47%
19,2,1996,65.65%,23.07%
19,3,2017,33.27%,33.39%
19,3,2014,35.31%,62.66%
19,3,2012,29.04%,36.03%
19,3,2009,52.89%,39.76%
19,3,2005,55.79%,35.24%
19,3,2003,69.22%,25.05%
20,1,2017,35.03%,54.06%
20,1,2014,35.26%,45.82%
20,1,2012,32.70%,36.60%
20,1,2009,39.40%,51.27%
20,1,2005,47.44%,40.82%
20,1,2003,44.95%,42.58%
20,1,2000,48.71%,31.18%
20,1,1996,23.07%,41.76%
20,2,2017,30.43%,35.47%
20,2,2014,37.02%,31.08%
20,2,2012,39.49%,27.27%
20,2,2009,27.92%,55.89%
20,2,2005,32.44%,46.74%
20,2,2003,39.18%,43.01%
20,2,2000,37.99%,32.66%
20,2,1996,25.61%,51.94%
20,3,2017,31.08%,53.05%
20,3,2014,25.05%,34.35%
20,3,2012,24.87%,27.77%
20,3,2009,36.53%,47.52%
20,3,2005,36.58%,51.10%
20,3,2003,30.53%,58.52%
20,3,2000,25.12%,61.24%
20,3,1996,"0,00 %",62.61%
20,4,2017,45.65%,27.19%
20,4,2014,46.07%,37.82%
20,4,2012,43.87%,30.34%
20,4,2009,33.43%,56.27%
20,4,2005,49.72%,37.63%
20,4,2003,43.39%,31.12%
20,4,2000,40.69%,43.84%
20,4,1996,43.30%,38.66%
20,5,2017,49.87%,26.47%
20,5,2014,54.67%,27.96%
20,5,2012,52.25%,16.19%
20,5,2009,40.15%,46.91%
20,5,2005,54.83%,33.12%
20,5,2003,52.66%,34.20%
20,5,2000,56.97%,26.39%
20,5,1996,47.85%,42.48%
21,1,2017,64.51%,27.24%
21,1,2014,57.45%,26.76%
21,1,2012,49.93%,30.04%
21,1,2009,44.45%,50.03%
21,1,2005,35.85%,42.82%
21,1,2003,51.42%,39.74%
21,1,2000,52.35%,29.58%
21,1,1996,37.10%,35.05%
21,2,2017,75.40%,24.60%
21,2,2014,75.52%,24.48%
21,2,2012,63.44%,17.45%
21,2,2009,54.19%,43.90%
21,2,2005,61.77%,31.52%
21,2,2003,61.62%,31.20%
21,2,2000,57.26%,36.24%
21,2,1996,51.73%,38.10%
21,3,2017,56.88%,30.56%
21,3,2014,52.56%,37.56%
21,3,2012,50.82%,29.48%
21,3,2009,40.44%,57.36%
21,3,2005,49.26%,43.19%
21,3,2003,47.75%,45.92%
21,3,2000,53.05%,36.72%
21,3,1996,53.11%,33.79%
21,4,2017,49.19%,42.28%
21,4,2014,51.43%,39.53%
21,4,2012,53.07%,25.91%
21,4,2009,52.89%,44.99%
21,4,2005,46.34%,35.93%
21,4,2003,63.82%,30.74%
21,4,2000,62.48%,28.78%
21,4,1996,58.09%,29.53%
21,5,2017,54.05%,34.02%
21,5,2014,55.82%,32.90%
21,5,2012,55.58%,31.12%
21,5,2009,46.81%,53.19%
21,5,2005,26.22%,42.04%
21,5,2003,57.30%,35.01%
21,5,2000,57.62%,28.47%
21,5,1996,42.41%,27.06%
22,1,2017,46.88%,27.25%
22,1,2014,44.90%,24.06%
22,1,2012,36.18%,23.94%
22,1,2009,37.59%,47.29%
22,1,2005,39.49%,27.38%
22,1,2003,30.21%,33.48%
22,1,2000,18.16%,24.23%
22,1,1996,16.39%,21.52%
22,2,2017,57.19%,33.12%
22,2,2014,59.94%,29.24%
22,2,2012,43.86%,31.30%
22,2,2009,39.89%,58.36%
22,2,2005,56.66%,43.34%
22,2,2003,51.47%,42.91%
22,2,2000,38.98%,32.03%
22,2,1996,61.17%,17.55%
22,3,2017,44.51%,37.08%
22,3,2014,49.82%,41.52%
22,3,2012,40.28%,27.26%
22,3,2009,40.65%,57.38%
22,3,2005,61.28%,31.57%
22,3,2003,59.70%,35.07%
22,3,2000,60.12%,30.67%
22,3,1996,55.32%,33.40%
22,4,2017,55.87%,33.43%
22,4,2014,53.27%,38.49%
22,4,2012,53.14%,32.07%
22,4,2009,44.28%,54.60%
22,4,2005,54.39%,45.61%
22,4,2003,53.13%,39.74%
22,4,2000,57.44%,28.11%
22,4,1996,31.50%,53.32%
22,5,2017,36.88%,54.85%
22,5,2014,34.63%,58.56%
22,5,2012,31.88%,58.98%
22,5,2009,39.02%,59.04%
22,5,2005,46.61%,48.79%
22,5,2003,46.79%,49.39%
22,5,2000,49.85%,31.77%
22,5,1996,52.51%,22.34%
22,6,2017,45.75%,46.02%
22,6,2014,43.68%,48.55%
22,6,2012,40.83%,45.59%
22,6,2009,31.51%,66.53%
22,6,2005,41.19%,52.57%
22,6,2003,37.04%,49.92%
22,6,2000,39.57%,53.35%
22,6,1996,28.83%,31.56%
22,7,2017,65.81%,15.20%
22,7,2014,70.93%,20.13%
22,7,2012,59.60%,19.24%
22,7,2009,21.79%,52.09%
22,7,2005,36.77%,36.45%
22,7,2003,"0,00 %",46.78%
22,7,2000,44.44%,46.12%
22,7,1996,36.79%,52.07%
22,8,2017,50.92%,39.26%
22,8,2014,50.87%,32.43%
22,8,2012,44.41%,26.94%
22,8,2009,45.39%,48.90%
22,8,2005,53.12%,42.10%
22,8,2003,47.38%,46.22%
22,8,2000,43.50%,46.87%
22,8,1996,38.17%,49.53%
22,9,2017,44.44%,46.12%
22,9,2014,36.79%,52.07%
23,1,2017,41.11%,31.97%
23,1,2014,42.39%,28.59%
23,1,2012,40.73%,31.80%
23,1,2009,34.98%,54.39%
23,1,2005,39.08%,49.96%
23,1,2003,36.07%,54.20%
23,1,2000,"0,00 %",42.08%
23,1,1996,25.72%,40.03%
23,2,2017,36.06%,50.13%
23,2,2014,35.09%,52.92%
23,2,2012,31.93%,44.77%
23,2,2009,23.91%,66.61%
23,2,2005,39.06%,52.00%
23,2,2003,29.79%,61.01%
23,2,2000,24.49%,47.61%
23,2,1996,26.38%,32.94%
23,3,2017,36.22%,46.85%
23,3,2014,36.39%,41.45%
23,3,2012,36.67%,34.89%
23,3,2009,27.76%,62.18%
23,3,2005,38.22%,48.99%
23,3,2003,36.80%,53.65%
23,3,2000,32.26%,49.52%
23,3,1996,26.98%,32.26%
23,4,2017,45.09%,37.28%
23,4,2014,38.58%,27.56%
23,4,2012,34.03%,22.21%
23,4,2009,28.52%,57.33%
23,4,2005,39.95%,43.85%
23,4,2003,41.35%,44.03%
23,4,2000,"0,00 %",35.10%
23,4,1996,30.03%,35.73%
23,5,2017,37.08%,46.49%
23,5,2014,37.86%,44.53%
23,5,2012,31.97%,31.11%
23,5,2009,34.85%,61.99%
23,5,2005,48.32%,44.45%
23,5,2003,42.92%,49.39%
23,5,2000,37.84%,48.31%
23,5,1996,29.53%,30.91%
23,6,2017,50.79%,33.18%
23,6,2014,52.01%,32.13%
23,6,2012,49.13%,24.41%
23,6,2009,35.89%,58.86%
23,6,2005,48.03%,43.03%
23,6,2003,36.50%,44.21%
23,6,2000,"0,00 %",38.97%
23,6,1996,26.08%,39.72%
23,7,2017,49.84%,50.16%
23,7,2014,44.42%,46.60%
23,7,2012,42.84%,35.86%
23,7,2009,36.52%,61.12%
23,7,2005,50.00%,41.49%
23,7,2003,40.29%,44.08%
23,7,2000,37.17%,38.52%
23,7,1996,25.85%,47.53%
23,8,2017,46.15%,45.37%
23,8,2014,47.57%,42.95%
23,8,2012,46.73%,32.83%
23,8,2009,38.14%,60.15%
23,8,2005,45.87%,42.86%
23,8,2003,39.11%,54.02%
23,8,2000,35.23%,34.96%
23,8,1996,44.43%,43.02%
23,9,2017,47.50%,40.90%
23,9,2014,47.27%,41.22%
23,9,2012,39.40%,26.07%
23,9,2009,34.75%,62.42%
23,9,2005,47.66%,40.38%
23,9,2003,"0,00 %",44.59%
23,9,2000,"0,00 %",53.16%
23,9,1996,24.81%,47.68%
23,10,2017,39.01%,29.45%
23,10,2014,44.49%,22.11%
23,10,2012,41.44%,25.99%
23,10,2009,36.52%,60.71%
23,10,2005,52.71%,39.29%
23,10,2003,"0,00 %",45.63%
23,10,2000,20.85%,36.53%
23,10,1996,30.24%,46.44%
23,11,2017,38.74%,53.80%
23,11,2014,40.39%,52.59%
23,11,2012,37.31%,51.86%
23,11,2009,32.97%,64.02%
23,11,2005,41.62%,52.29%
23,11,2003,"0,00 %",89.56%
23,11,2000,35.25%,57.56%
23,11,1996,38.56%,55.48%
23,12,2017,39.00%,55.65%
23,12,2014,43.54%,48.49%
23,12,2012,32.34%,29.01%
23,12,2009,37.38%,55.36%
23,12,2005,52.62%,42.52%
23,12,2003,50.38%,43.61%
23,12,2000,45.56%,31.73%
23,12,1996,55.16%,33.10%
23,13,2017,44.61%,47.42%
23,13,2014,43.03%,49.62%
23,13,2012,40.31%,39.70%
23,13,2009,44.83%,53.79%
23,13,2005,53.08%,41.84%
23,13,2003,48.44%,46.56%
23,13,2000,45.90%,45.75%
23,13,1996,42.86%,46.78%
23,14,2017,55.27%,34.99%
23,14,2014,50.17%,40.20%
23,14,2012,44.75%,36.95%
23,14,2009,36.57%,60.68%
23,14,2005,42.09%,52.17%
23,14,2003,43.06%,51.95%
23,14,2000,37.83%,36.41%
23,14,1996,49.81%,30.45%
23,15,2017,49.94%,40.35%
23,15,2014,52.58%,34.90%
23,15,2012,36.57%,24.40%
23,15,2009,39.46%,52.89%
23,15,2005,56.36%,34.36%
23,15,2003,50.31%,42.36%
23,15,2000,48.88%,39.35%
23,15,1996,45.30%,38.97%
24,1,2017,53.82%,46.18%
24,1,2014,52.98%,33.93%
24,1,2012,47.32%,29.23%
24,1,2009,44.49%,53.55%
24,1,2005,50.50%,43.08%
24,1,2003,50.09%,44.42%
24,1,2000,50.87%,37.33%
24,1,1996,44.98%,45.21%
24,2,2017,46.10%,53.90%
24,2,2014,36.37%,52.77%
24,2,2012,28.82%,43.14%
24,2,2009,32.03%,61.80%
24,2,2005,38.62%,55.72%
24,2,2003,23.78%,69.18%
24,2,2000,36.30%,57.37%
24,2,1996,"0,00 %",55.36%
24,3,2017,27.70%,64.34%
24,3,2014,28.41%,64.03%
24,3,2012,27.79%,64.11%
24,3,2009,26.15%,72.20%
24,3,2005,34.84%,60.09%
24,3,2003,31.58%,62.05%
24,3,2000,37.78%,54.16%
24,3,1996,31.14%,57.86%
24,4,2017,54.04%,37.43%
24,4,2014,74.50%,25.50%
24,4,2012,57.53%,34.70%
24,4,2009,48.49%,50.35%
24,4,2005,53.81%,46.19%
24,4,2003,60.38%,32.74%
24,4,2000,62.78%,27.68%
24,4,1996,47.75%,46.17%
24,5,2017,54.44%,37.23%
24,5,2014,58.87%,32.82%
24,5,2012,49.90%,48.57%
24,5,2009,55.94%,39.78%
24,5,2005,57.66%,37.09%
24,5,2003,"0,00 %",46.17%
24,5,2000,72.79%,27.21%
25,1,2017,47.70%,44.74%
25,1,2014,46.24%,40.93%
25,1,2012,34.87%,31.59%
25,1,2009,37.94%,51.93%
25,1,2005,46.12%,43.60%
25,1,2003,37.17%,51.02%
25,1,2000,37.60%,44.24%
25,1,1996,33.16%,34.71%
25,2,2017,50.45%,40.20%
25,2,2014,48.82%,40.56%
25,2,2012,43.30%,31.53%
25,2,2009,37.19%,61.03%
25,2,2005,30.83%,38.48%
25,2,2003,41.90%,44.86%
25,2,2000,45.75%,42.00%
25,2,1996,31.78%,43.00%
25,3,2017,55.34%,33.76%
25,3,2014,53.83%,35.43%
25,3,2012,37.75%,34.76%
25,3,2009,32.29%,60.84%
25,3,2005,46.66%,46.83%
25,3,2003,43.17%,48.02%
25,3,2000,43.82%,42.09%
25,3,1996,24.42%,38.36%
25,4,2017,47.79%,38.55%
25,4,2014,38.75%,26.27%
25,4,2012,32.79%,27.43%
25,4,2009,30.73%,57.04%
25,4,2005,50.19%,40.77%
25,4,2003,46.84%,44.48%
26,1,2017,47.32%,33.27%
26,1,2014,40.56%,29.38%
26,1,2012,33.22%,22.67%
26,1,2009,33.31%,43.03%
26,1,2005,47.71%,28.99%
26,1,2003,42.27%,32.08%
26,1,2000,42.14%,33.37%
26,1,1996,31.27%,29.95%
26,2,2017,30.01%,48.71%
26,2,2014,28.32%,50.44%
26,2,2012,28.73%,49.35%
26,2,2009,24.32%,57.52%
26,2,2005,40.20%,42.79%
26,2,2003,32.26%,49.73%
26,2,2000,30.87%,33.46%
26,2,1996,29.24%,28.67%
26,3,2017,34.36%,38.30%
26,3,2014,35.84%,33.11%
26,3,2012,31.63%,31.52%
26,3,2009,30.48%,54.58%
26,3,2005,42.34%,42.72%
26,3,2003,36.03%,46.79%
26,3,2000,36.50%,31.54%
26,3,1996,33.95%,34.68%
26,4,2017,42.45%,36.23%
26,4,2014,39.14%,30.33%
26,4,2012,33.14%,22.17%
26,4,2009,13.26%,41.24%
26,4,2005,28.98%,28.92%
26,4,2003,49.67%,33.35%
26,4,2000,53.02%,23.86%
26,4,1996,48.82%,29.53%
26,5,2017,43.29%,22.03%
26,5,2014,56.64%,28.92%
26,5,2012,56.50%,25.08%
26,5,2009,46.53%,42.81%
26,5,2005,58.85%,27.24%
26,5,2003,62.88%,22.30%
26,5,2000,63.54%,20.28%
26,5,1996,56.78%,22.86%
26,6,2017,42.97%,42.28%
26,6,2014,41.11%,44.27%
26,6,2012,30.30%,33.55%
26,6,2009,29.98%,57.39%
26,6,2005,41.85%,45.50%
26,6,2003,40.14%,46.89%
26,6,2000,38.21%,35.15%
26,6,1996,23.41%,32.35%
27,1,2017,37.60%,36.91%
27,1,2014,40.45%,42.35%
27,1,2012,26.09%,38.03%
27,1,2009,33.91%,50.78%
27,1,2005,54.49%,33.79%
27,1,2003,49.83%,36.45%
27,1,2000,50.22%,23.89%
27,1,1996,41.88%,35.60%
27,2,2017,43.90%,33.05%
27,2,2014,46.47%,33.24%
27,2,2012,39.97%,34.22%
27,2,2009,15.45%,40.12%
27,2,2005,32.78%,31.66%
27,2,2003,50.82%,29.84%
27,2,2000,47.52%,29.49%
27,2,1996,18.82%,49.82%
27,3,2017,"0,00 %",54.10%
27,3,2014,"0,00 %",57.21%
27,3,2012,"0,00 %",53.19%
27,3,2009,"0,00 %",44.67%
27,3,2005,"0,00 %",49.38%
27,3,2003,"0,00 %",46.33%
27,3,2000,"0,00 %",46.10%
27,3,1996,32.93%,35.68%
27,4,2017,42.29%,38.26%
27,4,2014,38.87%,34.90%
27,4,2012,36.39%,38.64%
27,4,2009,36.98%,50.81%
27,4,2005,52.25%,36.30%
27,4,2003,42.24%,44.79%
27,4,2000,30.71%,26.22%
27,4,1996,33.78%,38.97%
27,5,2017,"0,00 %",51.48%
27,5,2014,"0,00 %",57.53%
27,5,2012,"0,00 %",53.80%
27,5,2009,"0,00 %",46.74%
27,5,2005,"0,00 %",47.67%
27,5,2003,"0,00 %",42.88%
27,5,2000,"0,00 %",37.28%
27,5,1996,20.92%,36.33%
27,6,2017,"0,00 %",61.00%
27,6,2014,"0,00 %",56.35%
27,6,2012,"0,00 %",59.56%
27,6,2009,"0,00 %",43.30%
27,6,2005,"0,00 %",52.70%
27,6,2003,"0,00 %",49.37%
27,6,2000,"0,00 %",49.69%
27,6,1996,23.87%,41.51%
27,7,2017,43.63%,35.39%
27,7,2014,43.20%,36.07%
27,7,2012,33.30%,29.75%
27,7,2009,33.55%,52.88%
27,7,2005,43.36%,37.27%
27,7,2003,29.82%,39.22%
27,7,2000,"0,00 %",34.10%
27,7,1996,23.80%,31.66%
27,8,2017,39.30%,33.51%
27,8,2014,40.58%,37.84%
27,8,2012,37.13%,39.93%
27,8,2009,35.92%,53.30%
27,8,2005,49.61%,39.59%
27,8,2003,37.83%,48.58%
27,8,2000,31.78%,48.40%
27,8,1996,15.29%,44.15%
27,9,2017,40.73%,39.84%
27,9,2014,41.33%,39.48%
27,9,2012,34.34%,39.83%
27,9,2009,33.19%,51.00%
27,9,2005,50.55%,39.73%
27,9,2003,40.18%,41.86%
27,9,2000,"0,00 %",37.88%
27,9,1996,27.66%,33.42%
27,10,2017,31.87%,42.77%
27,10,2014,29.58%,34.35%
27,10,2012,23.03%,36.19%
27,10,2009,39.20%,50.53%
27,10,2005,38.42%,31.53%
27,10,2003,38.94%,47.12%
27,10,2000,"0,00 %",29.70%
27,10,1996,26.71%,31.37%
27,11,2017,33.45%,36.72%
27,11,2014,34.56%,28.62%
27,11,2012,21.99%,40.34%
27,11,2009,26.83%,59.54%
27,11,2005,39.11%,48.11%
27,11,2003,"0,00 %",58.31%
27,11,2000,27.44%,55.47%
27,11,1996,32.23%,48.59%
27,12,2017,45.04%,40.58%
27,12,2014,40.01%,25.16%
27,12,2012,39.91%,25.79%
27,12,2009,36.12%,53.18%
27,12,2005,49.59%,39.66%
27,12,2003,44.05%,44.55%
27,12,2000,36.78%,38.72%
27,12,1996,32.26%,45.53%
27,13,2017,41.19%,28.71%
27,13,2014,49.31%,32.79%
27,13,2012,27.41%,51.46%
27,13,2009,43.45%,36.46%
27,13,2005,58.09%,25.02%
27,13,2003,49.67%,33.26%
27,13,2000,53.32%,26.80%
27,13,1996,37.92%,41.35%
27,14,2017,41.08%,40.23%
27,14,2014,37.88%,38.76%
27,14,2012,27.41%,48.58%
27,14,2009,37.08%,48.37%
27,14,2005,54.91%,32.23%
27,14,2003,50.37%,35.52%
27,14,2000,46.67%,29.87%
27,14,1996,35.54%,38.09%
27,15,2017,43.82%,39.75%
27,15,2014,45.04%,38.87%
27,15,2012,39.68%,41.17%
27,15,2009,40.82%,46.78%
27,15,2005,55.79%,31.95%
27,15,2003,49.68%,36.95%
27,15,2000,46.73%,28.28%
27,15,1996,39.56%,37.75%
27,16,2017,"0,00 %",54.04%
27,16,2014,"0,00 %",43.19%
27,16,2012,"0,00 %",50.81%
27,16,2009,"0,00 %",48.05%
27,16,2005,"0,00 %",51.46%
27,16,2003,"0,00 %",46.12%
27,16,2000,"0,00 %",39.11%
27,16,1996,26.20%,38.29%
27,17,2017,38.95%,43.53%
27,17,2014,39.37%,43.72%
27,17,2012,28.50%,44.22%
27,17,2009,30.27%,43.11%
27,17,2005,43.27%,42.56%
27,17,2003,30.16%,40.31%
27,17,2000,23.51%,20.73%
27,17,1996,23.80%,42.69%
27,18,2017,40.83%,44.32%
27,18,2014,41.15%,44.24%
27,18,2012,36.31%,43.68%
27,18,2009,38.43%,48.60%
27,18,2005,52.90%,35.39%
27,18,2003,47.94%,39.56%
27,18,2000,47.47%,29.50%
27,18,1996,41.82%,37.39%
27,19,2017,40.47%,46.68%
27,19,2014,33.68%,36.90%
27,19,2012,29.64%,38.44%
27,19,2009,35.72%,55.60%
27,19,2005,43.34%,48.32%
27,19,2003,"0,00 %",47.21%
27,19,2000,"0,00 %",53.11%
27,19,1996,35.72%,48.39%
28,1,2017,39.45%,32.49%
28,1,2014,39.67%,46.23%
28,1,2012,37.15%,35.79%
28,1,2009,32.27%,48.64%
28,1,2005,43.42%,29.65%
28,1,2003,38.72%,38.29%
28,1,2000,34.79%,34.94%
28,1,1996,32.36%,33.58%
28,2,2017,"0,00 %",52.53%
28,2,2014,"0,00 %",49.29%
28,2,2012,"0,00 %",47.32%
28,2,2009,"0,00 %",48.94%
28,2,2005,"0,00 %",48.08%
28,2,2003,"0,00 %",43.21%
28,2,2000,"0,00 %",43.26%
28,2,1996,29.30%,34.19%
28,3,2017,48.00%,19.02%
28,3,2014,40.01%,20.99%
28,3,2012,37.84%,31.11%
28,3,2009,33.12%,49.98%
28,3,2005,45.28%,42.65%
28,3,2003,35.27%,51.10%
28,3,2000,27.47%,36.53%
28,3,1996,24.59%,34.78%
28,4,2017,57.87%,17.98%
28,4,2014,54.67%,30.63%
28,4,2012,43.07%,32.48%
28,4,2009,37.96%,52.41%
28,4,2005,56.01%,36.11%
28,4,2003,"0,00 %",55.39%
28,4,2000,"0,00 %",64.90%
28,4,1996,29.10%,49.47%
28,5,2017,56.89%,31.99%
28,5,2014,56.94%,31.11%
28,5,2012,47.03%,23.13%
28,5,2009,42.19%,54.96%
28,5,2005,45.30%,33.76%
28,5,2003,47.56%,46.04%
28,5,2000,42.30%,35.53%
28,5,1996,47.86%,40.69%
28,6,2017,41.75%,31.16%
28,6,2014,48.93%,26.04%
28,6,2012,36.04%,28.55%
28,6,2009,33.43%,55.57%
28,6,2005,36.40%,33.09%
28,6,2003,37.64%,42.68%
28,6,2000,"0,00 %",33.81%
28,6,1996,34.75%,38.28%
28,7,2017,44.50%,19.25%
28,7,2014,36.93%,26.26%
28,7,2012,39.31%,30.10%
28,7,2009,30.20%,58.64%
28,7,2005,50.24%,33.07%
28,7,2003,47.10%,40.82%
28,7,2000,"0,00 %",62.82%
28,7,1996,11.54%,46.59%
28,8,2017,"0,00 %",63.56%
28,8,2014,"0,00 %",60.88%
28,8,2012,"0,00 %",46.64%
28,8,2009,"0,00 %",42.19%
28,8,2005,"0,00 %",46.35%
28,8,2003,"0,00 %",44.10%
28,8,2000,"0,00 %",35.17%
28,8,1996,27.02%,34.28%
28,9,2017,69.55%,17.63%
28,9,2014,74.76%,25.24%
28,9,2012,59.38%,22.20%
28,9,2009,60.65%,34.03%
28,9,2005,58.28%,26.29%
28,9,2003,30.82%,40.84%
28,9,2000,33.25%,30.65%
28,9,1996,34.35%,38.41%
28,10,2017,59.94%,24.22%
28,10,2014,54.33%,31.05%
28,10,2012,44.21%,27.59%
28,10,2009,40.36%,57.98%
28,10,2005,51.36%,41.25%
28,10,2003,51.34%,40.68%
28,10,2000,46.72%,28.12%
28,10,1996,"0,00 %",43.10%
28,11,2017,65.29%,22.55%
28,11,2014,41.02%,49.61%
28,11,2012,31.62%,39.58%
28,11,2009,36.18%,61.30%
28,11,2005,47.49%,46.47%
28,11,2003,41.56%,52.62%
28,11,2000,40.88%,47.38%
28,11,1996,32.82%,30.94%
28,12,2017,62.80%,24.56%
28,12,2014,"0,00 %",47.63%
28,12,2012,30.52%,44.19%
28,12,2009,42.64%,55.93%
28,12,2005,50.15%,46.18%
28,12,2003,49.13%,47.03%
28,12,2000,45.03%,47.51%
28,12,1996,48.73%,41.27%
29,1,2017,40.81%,39.69%
29,1,2014,41.21%,48.41%
29,1,2012,33.63%,37.86%
29,1,2009,30.86%,60.67%
29,1,2005,33.74%,37.23%
29,1,2003,39.70%,48.18%
29,1,2000,44.15%,32.69%
29,1,1996,30.72%,37.00%
29,2,2017,60.08%,25.28%
29,2,2014,61.31%,24.71%
29,2,2012,46.71%,24.24%
29,2,2009,44.71%,46.53%
29,2,2005,44.53%,34.85%
29,2,2003,42.85%,48.39%
29,2,2000,42.39%,37.96%
29,2,1996,41.27%,28.80%
29,3,2017,61.62%,28.07%
29,3,2014,52.64%,30.89%
29,3,2012,43.12%,28.30%
29,3,2009,36.95%,54.72%
29,3,2005,52.89%,37.95%
29,3,2003,47.65%,34.10%
29,3,2000,42.05%,30.61%
29,3,1996,42.14%,37.50%
29,4,2017,61.25%,29.79%
29,4,2014,50.55%,22.14%
29,4,2012,49.65%,48.70%
29,4,2009,55.54%,39.46%
29,4,2005,65.38%,28.47%
29,4,2003,50.13%,43.43%
29,4,2000,44.23%,44.58%
30,1,2017,39.66%,50.36%
30,1,2014,42.30%,47.80%
30,1,2012,34.77%,34.95%
30,1,2009,34.85%,58.15%
30,1,2005,50.97%,39.73%
30,1,2003,68.90%,31.10%
30,1,2000,"0,00 %",45.76%
30,1,1996,18.81%,35.85%
30,2,2017,58.35%,16.48%
30,2,2014,56.31%,31.49%
30,2,2012,52.65%,26.06%
30,2,2009,43.35%,54.77%
30,2,2005,54.07%,38.01%
30,2,2003,50.97%,41.74%
30,2,2000,58.48%,26.75%
30,2,1996,52.47%,33.74%
30,3,2017,72.95%,27.05%
30,3,2014,76.50%,23.50%
30,3,2012,60.43%,28.02%
30,3,2009,52.06%,45.44%
30,3,2005,66.42%,24.40%
30,3,2003,"0,00 %",78.37%
30,3,2000,"0,00 %",63.08%
30,3,1996,43.03%,49.24%
31,1,2017,83.63%,16.37%
31,1,2014,80.27%,19.73%
31,1,2012,84.50%,11.89%
31,1,2009,61.97%,33.25%
31,1,2005,59.25%,26.68%
31,1,2003,71.60%,19.57%
31,1,2000,49.06%,33.80%
31,1,1996,"0,00 %",62.47%
31,2,2017,53.39%,39.08%
31,2,2014,56.25%,36.21%
31,2,2012,60.81%,31.82%
31,2,2009,49.57%,49.21%
31,2,2005,37.44%,34.39%
31,2,2003,28.94%,33.08%
31,2,2000,50.23%,42.22%
31,2,1996,46.44%,43.05%
32,1,2017,59.40%,40.60%
32,1,2014,64.26%,24.55%
32,1,2012,64.67%,27.19%
32,1,2009,57.19%,37.69%
32,1,2005,60.52%,28.64%
32,1,2003,61.02%,31.61%
32,1,2000,50.92%,25.63%
32,1,1996,52.12%,32.78%
32,2,2017,67.82%,19.56%
32,2,2014,69.19%,19.35%
32,2,2012,67.72%,24.05%
32,2,2009,54.91%,43.91%
32,2,2005,51.90%,29.44%
32,2,2003,63.77%,22.32%
32,2,2000,66.08%,29.90%
32,2,1996,54.35%,39.47%
32,3,2017,66.12%,26.29%
32,3,2014,58.17%,21.37%
33,1,2017,52.71%,34.28%
33,1,2014,55.83%,34.80%
33,1,2012,56.29%,23.00%
33,1,2009,48.29%,46.51%
33,1,2005,60.82%,29.31%
33,1,2003,57.57%,35.71%
33,1,2000,57.32%,32.48%
33,1,1996,61.06%,28.61%
33,2,2017,51.14%,38.16%
33,2,2014,49.59%,39.54%
33,2,2012,52.80%,37.04%
33,2,2009,33.19%,52.89%
33,2,2005,45.69%,46.88%
33,2,2003,48.49%,42.66%
33,2,2000,51.30%,30.11%
33,2,1996,54.82%,31.91%
33,3,2017,"0,00 %",38.92%
33,3,2014,38.39%,49.18%
33,3,2012,32.77%,44.77%
33,3,2009,25.58%,46.61%
33,3,2005,29.06%,48.97%
33,3,2003,67.27%,25.64%
33,3,2000,64.07%,27.96%
33,3,1996,65.32%,26.94%
33,4,2017,51.95%,40.30%
33,4,2014,50.62%,41.82%
33,4,2012,46.42%,32.74%
33,4,2009,41.30%,57.03%
33,4,2005,44.65%,47.43%
33,4,2003,56.50%,35.74%
33,4,2000,65.60%,23.66%
33,4,1996,68.00%,25.24%
33,5,2017,71.29%,19.04%
33,5,2014,79.28%,20.72%
33,5,2012,66.66%,26.36%
33,5,2009,53.09%,45.38%
33,5,2005,59.55%,35.00%
33,5,2003,57.03%,38.32%
33,5,2000,62.37%,30.79%
33,5,1996,66.81%,22.71%
34,1,2017,77.96%,22.04%
34,1,2014,65.73%,17.38%
34,1,2012,63.51%,15.58%
34,1,2009,47.34%,43.41%
34,1,2005,57.29%,31.49%
34,1,2003,55.52%,36.93%
34,1,2000,55.14%,32.10%
34,1,1996,44.06%,28.67%
34,2,2017,47.89%,33.82%
34,2,2014,52.21%,39.26%
34,2,2012,49.74%,27.80%
34,2,2009,41.61%,56.33%
34,2,2005,50.78%,44.10%
34,2,2003,22.36%,37.47%
34,2,2000,38.18%,43.95%
34,2,1996,31.18%,34.71%
34,3,2017,47.37%,35.37%
34,3,2014,50.67%,39.52%
34,3,2012,46.18%,27.12%
34,3,2009,40.73%,56.81%
34,3,2005,42.09%,26.67%
34,3,2003,60.21%,30.05%
34,3,2000,33.04%,41.17%
34,3,1996,38.30%,33.41%
34,4,2017,43.64%,19.20%
34,4,2014,64.93%,19.52%
34,4,2012,57.79%,33.65%
34,4,2009,47.76%,50.28%
34,4,2005,58.46%,36.08%
34,4,2003,54.74%,31.59%
34,4,2000,63.99%,25.20%
34,4,1996,69.68%,20.01%
34,5,2017,67.10%,21.73%
34,5,2014,77.71%,22.29%
34,5,2012,63.06%,31.17%
34,5,2009,47.73%,50.88%
34,5,2005,49.62%,46.43%
34,5,2003,42.10%,26.66%
34,5,2000,58.72%,32.27%
34,5,1996,59.74%,25.94%
34,6,2017,40.85%,50.54%
34,6,2014,38.06%,52.16%
34,6,2012,42.37%,49.00%
34,6,2009,30.60%,60.17%
34,6,2005,"0,00 %",41.53%
34,6,2003,51.34%,43.93%
34,6,2000,57.92%,33.88%
34,6,1996,48.84%,35.37%
34,7,2017,60.46%,30.03%
34,7,2014,58.24%,22.88%
34,7,2012,47.52%,26.71%
34,7,2009,44.69%,53.75%
34,7,2005,50.83%,43.17%
34,7,2003,45.69%,36.99%
34,7,2000,55.68%,34.01%
34,7,1996,47.33%,34.66%
35,1,2017,69.10%,18.97%
35,1,2014,68.09%,22.33%
35,1,2012,65.91%,17.55%
35,1,2009,56.99%,37.80%
35,1,2005,63.83%,27.57%
35,1,2003,63.64%,30.79%
35,1,2000,65.47%,23.50%
35,1,1996,72.57%,22.63%
35,2,2017,73.83%,26.17%
35,2,2014,58.41%,34.88%
35,2,2012,55.37%,28.01%
35,2,2009,46.54%,51.65%
35,2,2005,47.09%,46.82%
35,2,2003,42.87%,51.61%
35,2,2000,44.29%,47.49%
35,2,1996,38.61%,37.58%
35,3,2017,71.32%,28.68%
35,3,2014,68.37%,21.50%
35,3,2012,70.85%,18.83%
35,3,2009,60.08%,38.28%
35,3,2005,62.21%,29.32%
35,3,2003,63.25%,28.87%
35,3,2000,68.07%,21.75%
35,3,1996,69.53%,18.71%
35,4,2017,72.57%,12.85%
35,4,2014,76.27%,13.13%
35,4,2012,78.17%,12.73%
35,4,2009,64.25%,31.13%
35,4,2005,73.62%,19.70%
35,4,2003,79.75%,12.05%
35,4,2000,71.71%,28.29%
35,4,1996,54.34%,34.70%
36,1,2017,51.49%,39.60%
36,1,2014,52.03%,39.06%
36,1,2012,53.19%,35.38%
36,1,2009,29.14%,56.23%
36,1,2005,41.35%,51.29%
36,1,2003,39.05%,52.98%
36,1,2000,32.32%,47.32%
36,1,1996,32.98%,37.73%
36,2,2017,70.96%,22.37%
36,2,2014,74.14%,25.86%
36,2,2012,55.74%,36.57%
36,2,2009,43.91%,54.72%
36,2,2005,27.61%,39.55%
36,2,2003,51.40%,44.54%
36,2,2000,52.73%,41.02%
36,2,1996,73.01%,13.96%
36,3,2017,53.76%,38.90%
36,3,2014,49.78%,49.04%
36,3,2012,57.27%,38.84%
36,3,2009,60.01%,34.61%
36,3,2005,53.59%,38.42%
36,3,2003,44.93%,47.61%
37,1,2017,50.68%,49.32%
37,1,2014,49.49%,43.95%
37,1,2012,47.88%,35.94%
37,1,2009,43.56%,52.25%
37,1,2005,50.91%,44.95%
37,1,2003,49.20%,39.05%
37,1,2000,33.01%,45.51%
37,1,1996,36.32%,32.24%
37,2,2017,40.40%,55.49%
37,2,2014,40.60%,55.82%
37,2,2012,45.53%,50.04%
37,2,2009,41.35%,57.17%
37,2,2005,55.89%,38.91%
37,2,2003,56.36%,38.08%
37,2,2000,53.58%,33.80%
37,2,1996,78.71%,21.29%
37,3,2017,69.09%,30.91%
37,3,2014,68.19%,23.15%
37,3,2012,62.72%,31.49%
37,3,2009,43.32%,31.78%
37,3,2005,66.92%,24.34%
37,3,2003,61.06%,16.62%
37,3,2000,59.93%,24.95%
37,3,1996,48.92%,38.26%
38,1,2017,64.83%,24.45%
38,1,2014,53.60%,39.98%
38,1,2012,51.67%,22.03%
38,1,2009,48.60%,47.57%
38,1,2005,60.42%,26.25%
38,1,2003,60.61%,23.44%
38,1,2000,54.29%,26.01%
38,1,1996,45.34%,43.07%
38,2,2017,48.85%,26.48%
38,2,2014,48.03%,25.44%
38,2,2012,46.76%,29.58%
38,2,2009,47.99%,43.16%
38,2,2005,59.21%,33.32%
38,2,2003,58.32%,25.60%
38,2,2000,64.10%,24.08%
38,2,1996,70.32%,16.00%
38,3,2017,40.30%,53.07%
38,3,2014,51.65%,41.84%
38,3,2012,47.17%,28.37%
38,3,2009,42.92%,55.55%
38,3,2005,54.45%,35.97%
38,3,2003,50.75%,28.08%
38,3,2000,53.52%,22.95%
38,3,1996,52.03%,24.90%
38,4,2017,54.41%,38.33%
38,4,2014,47.12%,33.52%
38,4,2012,43.14%,33.75%
38,4,2009,39.55%,35.48%
38,4,2005,63.12%,28.87%
38,4,2003,71.22%,22.82%
38,4,2000,83.60%,16.40%
38,4,1996,61.02%,32.90%
39,1,2017,53.59%,29.65%
39,1,2014,51.94%,25.37%
39,1,2012,41.98%,24.74%
39,1,2009,32.53%,29.03%
39,1,2005,42.72%,39.50%
39,1,2003,41.41%,34.80%
39,1,2000,30.98%,25.75%
39,1,1996,"0,00 %",28.57%
39,2,2017,43.52%,56.48%
39,2,2014,53.61%,27.24%
39,2,2012,73.59%,26.41%
39,2,2009,53.42%,35.24%
39,2,2005,51.13%,32.79%
39,2,2003,59.04%,25.55%
39,2,2000,53.78%,28.03%
39,2,1996,62.95%,22.50%
39,3,2017,71.30%,28.70%
39,3,2014,49.42%,42.98%
39,3,2012,50.09%,36.33%
39,3,2009,62.68%,24.69%
39,3,2005,61.31%,23.29%
39,3,2003,56.13%,28.84%
40,1,2017,49.17%,25.68%
40,1,2014,"0,00 %",36.34%
40,1,2012,48.33%,22.50%
40,1,2009,37.90%,52.78%
40,1,2005,43.93%,47.27%
40,1,2003,31.46%,54.56%
40,1,2000,38.58%,46.33%
40,1,1996,35.52%,46.66%
40,2,2017,47.93%,44.34%
40,2,2014,49.47%,40.42%
40,2,2012,43.57%,28.23%
40,2,2009,36.94%,55.96%
40,2,2005,52.35%,37.14%
40,2,2003,44.02%,48.70%
40,2,2000,44.88%,38.29%
40,2,1996,49.24%,36.68%
40,3,2017,59.02%,40.98%
40,3,2014,57.43%,32.92%
40,3,2012,51.21%,24.88%
40,3,2009,40.14%,52.84%
40,3,2005,54.07%,40.61%
40,3,2003,45.24%,48.03%
40,3,2000,50.10%,38.76%
40,3,1996,48.95%,36.75%
40,4,2017,55.56%,27.28%
40,4,2014,53.92%,32.31%
40,4,2012,44.69%,21.98%
40,4,2009,45.93%,51.72%
40,4,2005,53.11%,39.69%
40,4,2003,50.81%,42.42%
40,4,2000,47.39%,42.40%
40,4,1996,50.44%,36.07%
40,5,2017,50.48%,39.44%
40,5,2014,54.47%,35.35%
40,5,2012,47.39%,23.85%
40,5,2009,45.01%,53.15%
40,5,2005,53.27%,40.01%
40,5,2003,48.33%,37.33%
40,5,2000,42.56%,26.62%
40,5,1996,43.25%,33.60%
40,6,2017,66.30%,21.81%
40,6,2014,71.96%,28.04%
40,6,2012,"0,00 %",41.57%
40,6,2009,52.75%,45.56%
40,6,2005,52.07%,43.34%
40,6,2003,46.66%,48.94%
40,6,2000,48.36%,41.68%
40,6,1996,36.17%,53.57%
40,7,2017,57.31%,30.19%
40,7,2014,70.54%,29.46%
40,7,2012,53.60%,29.90%
40,7,2009,55.03%,44.97%
40,7,2005,54.10%,36.35%
40,7,2003,63.55%,26.13%
40,7,2000,58.13%,32.52%
40,7,1996,42.24%,32.37%
40,8,2017,72.23%,27.77%
40,8,2014,71.32%,28.68%
40,8,2012,68.36%,21.53%
40,8,2009,62.21%,36.25%
40,8,2005,56.89%,34.42%
40,8,2003,57.72%,33.02%
40,8,2000,49.91%,27.11%
40,8,1996,50.49%,35.74%
40,9,2017,45.71%,39.46%
40,9,2014,47.20%,38.60%
40,9,2012,45.99%,29.36%
40,9,2009,42.59%,47.64%
40,9,2005,47.63%,41.86%
40,9,2003,43.65%,45.18%
40,9,2000,34.92%,43.55%
40,9,1996,"0,00 %",42.60%
40,10,2017,44.16%,40.33%
40,10,2014,44.21%,31.76%
40,10,2012,41.57%,26.16%
40,10,2009,41.46%,48.06%
40,10,2005,38.35%,25.55%
40,10,2003,45.20%,39.18%
40,10,2000,40.75%,22.02%
40,10,1996,43.90%,37.37%
40,11,2017,55.46%,28.94%
40,11,2014,65.60%,18.52%
40,11,2012,55.87%,24.62%
40,11,2009,57.43%,33.05%
40,11,2005,39.28%,39.50%
40,11,2003,33.69%,42.43%
40,11,2000,34.88%,36.26%
40,11,1996,24.33%,38.55%
41,1,2017,41.66%,55.65%
41,1,2014,46.14%,47.51%
41,1,2012,49.19%,43.93%
41,1,2009,43.46%,55.64%
41,1,2005,50.35%,44.88%
41,1,2003,44.29%,46.84%
41,1,2000,40.81%,36.61%
41,1,1996,37.57%,38.96%
41,2,2017,46.54%,49.74%
41,2,2014,55.57%,40.13%
41,2,2012,50.70%,45.28%
41,2,2009,47.32%,51.41%
41,2,2005,22.00%,42.07%
41,2,2003,82.44%,17.56%
41,2,2000,61.96%,19.84%
41,2,1996,55.83%,36.69%
41,3,2017,78.26%,21.74%
41,3,2014,58.21%,18.86%
41,3,2012,30.27%,54.04%
41,3,2009,69.69%,24.83%
41,3,2005,73.94%,18.64%
41,3,2003,67.98%,16.58%
42,1,2017,42.89%,48.53%
42,1,2014,45.57%,44.35%
42,1,2012,48.18%,42.70%
42,1,2009,37.44%,55.34%
42,1,2005,44.56%,48.29%
42,1,2003,43.27%,50.64%
42,1,2000,29.37%,34.60%
42,1,1996,34.77%,41.07%
42,2,2017,57.35%,33.71%
42,2,2014,52.82%,40.32%
42,2,2012,48.19%,26.30%
42,2,2009,44.33%,50.36%
42,2,2005,54.82%,39.36%
42,2,2003,65.30%,26.17%
42,2,2000,75.84%,16.48%
42,2,1996,51.40%,41.49%
42,3,2017,59.72%,25.28%
42,3,2014,72.24%,27.76%
42,3,2012,53.47%,40.18%
42,3,2009,48.38%,49.58%
42,3,2005,53.03%,46.97%
42,3,2003,50.34%,46.17%
42,3,2000,49.80%,27.23%
42,3,1996,52.22%,42.62%
42,4,2017,50.79%,42.02%
42,4,2014,50.39%,34.96%
42,4,2012,51.28%,33.81%
42,4,2009,47.99%,50.29%
42,4,2005,50.74%,35.03%
42,4,2003,61.59%,32.73%
42,4,2000,33.48%,35.57%
42,4,1996,50.36%,29.86%
43,1,2017,56.15%,43.85%
43,1,2014,49.68%,41.79%
43,1,2012,46.42%,32.56%
43,1,2009,39.47%,55.42%
43,1,2005,46.90%,47.94%
43,1,2003,39.06%,54.22%
43,1,2000,43.41%,46.08%
43,1,1996,25.44%,44.39%
43,2,2017,47.48%,34.54%
43,2,2014,71.64%,28.36%
43,2,2012,53.53%,20.07%
43,2,2009,48.01%,50.38%
43,2,2005,55.78%,39.55%
43,2,2003,52.74%,41.82%
43,2,2000,"0,00 %",60.39%
43,2,1996,40.88%,50.16%
43,3,2017,73.60%,26.40%
43,3,2014,77.08%,22.92%
43,3,2012,58.72%,23.66%
43,3,2009,40.63%,37.33%
43,3,2005,43.72%,39.74%
43,3,2003,40.92%,42.55%
43,3,2000,63.57%,30.15%
43,3,1996,45.07%,44.36%
43,4,2017,62.76%,37.24%
43,4,2014,"0,00 %",75.92%
43,4,2012,"0,00 %",65.92%
43,4,2009,59.17%,37.64%
43,4,2005,68.34%,31.66%
43,4,2003,73.62%,19.81%
43,4,2000,79.18%,11.16%
43,4,1996,"0,00 %",58.96%
43,5,2017,69.51%,20.76%
43,5,2014,64.51%,30.01%
43,5,2012,55.10%,42.53%
43,5,2009,61.59%,38.41%
43,5,2005,57.84%,35.13%
43,5,2003,32.10%,34.25%
43,5,2000,45.05%,49.48%
44,1,2017,46.40%,44.84%
44,1,2014,45.04%,48.29%
44,1,2012,39.86%,35.04%
44,1,2009,33.64%,58.95%
44,1,2005,19.19%,39.28%
44,1,2003,46.84%,48.61%
44,1,2000,45.98%,47.02%
44,1,1996,32.08%,59.49%
44,2,2017,53.27%,41.97%
44,2,2014,52.65%,36.44%
44,2,2012,51.38%,25.39%
44,2,2009,47.87%,50.09%
44,2,2005,51.51%,41.89%
44,2,2003,56.19%,38.99%
44,2,2000,54.64%,41.19%
44,2,1996,74.18%,15.37%
44,3,2017,54.16%,45.84%
44,3,2014,61.67%,28.08%
44,3,2012,50.34%,31.50%
44,3,2009,47.49%,51.04%
44,3,2005,53.08%,46.92%
44,3,2003,51.26%,46.04%
44,3,2000,60.31%,31.74%
44,3,1996,41.26%,50.69%
44,4,2017,46.44%,49.81%
44,4,2014,"0,00 %",51.10%
45,1,2017,55.18%,33.21%
45,1,2014,54.19%,23.94%
45,1,2012,41.36%,22.56%
45,1,2009,"0,00 %",48.30%
45,1,2005,56.90%,26.67%
45,1,2003,52.71%,37.76%
45,1,2000,42.92%,35.55%
45,1,1996,41.14%,39.56%
45,2,2017,69.74%,21.19%
45,2,2014,78.39%,21.61%
45,2,2012,68.31%,24.73%
45,2,2009,56.89%,38.69%
45,2,2005,28.75%,47.23%
45,2,2003,"0,00 %",43.63%
45,2,2000,66.55%,24.17%
45,2,1996,55.48%,38.19%
45,3,2017,69.39%,20.03%
45,3,2014,78.50%,21.50%
45,3,2012,81.79%,18.21%
45,3,2009,67.40%,29.81%
45,3,2005,39.64%,49.58%
45,3,2003,"0,00 %",63.17%
45,3,2000,52.25%,39.83%
45,3,1996,53.11%,36.85%
46,1,2017,40.78%,41.80%
46,1,2014,44.08%,30.96%
46,1,2012,45.49%,25.39%
46,1,2009,42.73%,53.23%
46,1,2005,53.48%,41.99%
46,1,2003,51.96%,42.96%
46,1,2000,47.83%,42.89%
46,1,1996,48.14%,39.35%
46,2,2017,51.26%,22.73%
46,2,2014,74.23%,25.77%
46,2,2012,66.66%,27.76%
46,2,2009,55.70%,43.24%
46,2,2005,35.15%,42.91%
46,2,2003,45.87%,49.13%
46,2,2000,44.88%,50.33%
46,2,1996,47.92%,46.26%
46,3,2017,50.41%,44.38%
46,3,2014,39.25%,54.65%
46,3,2012,41.60%,45.58%
46,3,2009,41.56%,56.53%
46,3,2005,47.94%,35.74%
46,3,2003,66.87%,26.64%
46,3,2000,72.11%,19.03%
46,3,1996,65.80%,25.53%
46,4,2017,70.78%,29.22%
46,4,2014,69.65%,21.07%
46,4,2012,66.87%,26.53%
46,4,2009,50.12%,48.72%
46,4,2005,59.02%,37.43%
46,4,2003,61.53%,34.67%
46,4,2000,62.96%,32.93%
46,4,1996,63.34%,30.73%
46,5,2017,79.05%,20.95%
46,5,2014,83.14%,16.86%
46,5,2012,61.06%,37.61%
46,5,2009,31.62%,62.58%
46,5,2005,61.59%,31.69%
46,5,2003,60.64%,20.65%
46,5,2000,61.30%,33.63%
47,1,2017,35.86%,39.90%
47,1,2014,36.59%,39.82%
47,1,2012,43.07%,30.94%
47,1,2009,38.00%,46.52%
47,1,2005,"0,00 %",43.78%
47,1,2003,"0,00 %",37.05%
47,1,2000,"0,00 %",52.55%
47,1,1996,25.38%,30.22%
47,2,2017,41.07%,58.93%
47,2,2014,37.81%,62.19%
47,2,2012,36.92%,49.01%
47,2,2009,36.47%,61.10%
47,2,2005,39.34%,46.70%
47,2,2003,35.71%,55.42%
47,2,2000,49.33%,17.25%
47,2,1996,11.29%,41.32%
47,3,2017,40.30%,57.86%
47,3,2014,40.03%,59.97%
47,3,2012,43.57%,36.06%
47,3,2009,23.75%,48.72%
47,3,2005,42.51%,29.98%
47,3,2003,38.48%,36.01%
47,3,2000,24.07%,33.85%
47,3,1996,26.61%,47.00%
47,4,2017,50.51%,46.63%
47,4,2014,48.03%,51.97%
47,4,2012,52.21%,24.20%
47,4,2009,43.71%,54.71%
47,4,2005,49.04%,29.77%
47,4,2003,54.47%,30.99%
