日,本,共,産,党
1,1,2017,0
1,1,2014,11.96%
1,1,2012,6.98%
1,1,2009,7.65%
1,1,2005,8.12%
1,1,2003,10.01%
1,1,2000,12.34%
1,1,1996,14.63%
1,2,2017,20.76%
1,2,2014,15.89%
1,2,2012,11.79%
1,2,2009,9.05%
1,2,2005,10.20%
1,2,2003,10.26%
1,2,2000,24.71%
1,2,1996,22.75%
1,3,2017,0
1,3,2014,12.90%
1,3,2012,8.22%
1,3,2009,0
1,3,2005,7.87%
1,3,2003,7.60%
1,3,2000,17.38%
1,3,1996,19.69%
1,4,2017,0
1,4,2014,13.74%
1,4,2012,11.88%
1,4,2009,0
1,4,2005,9.07%
1,4,2003,10.12%
1,4,2000,17.53%
1,4,1996,13.98%
1,5,2017,0
1,5,2014,12.22%
1,5,2012,8.11%
1,5,2009,0
1,5,2005,7.02%
1,5,2003,9.32%
1,5,2000,13.01%
1,5,1996,19.72%
1,6,2017,0
1,6,2014,10.67%
1,6,2012,7.88%
1,6,2009,5.64%
1,6,2005,7.57%
1,6,2003,6.49%
1,6,2000,12.08%
1,6,1996,10.81%
1,7,2017,33.40%
1,7,2014,8.39%
1,7,2012,5.77%
1,7,2009,0
1,7,2005,7.80%
1,7,2003,7.93%
1,7,2000,8.75%
1,7,1996,7.55%
1,8,2017,0
1,8,2014,8.46%
1,8,2012,7.03%
1,8,2009,0
1,8,2005,8.08%
1,8,2003,6.33%
1,8,2000,10.07%
1,8,1996,11.66%
1,9,2017,15.28%
1,9,2014,13.95%
1,9,2012,13.33%
1,9,2009,6.68%
1,9,2005,7.68%
1,9,2003,7.91%
1,9,2000,9.97%
1,9,1996,19.68%
1,10,2017,0
1,10,2014,11.64%
1,10,2012,6.53%
1,10,2009,0
1,10,2005,6.58%
1,10,2003,7.49%
1,10,2000,12.20%
1,10,1996,14.18%
1,11,2017,0
1,11,2014,10.97%
1,11,2012,7.78%
1,11,2009,5.07%
1,11,2005,7.75%
1,11,2003,8.98%
1,11,2000,12.71%
1,11,1996,9.52%
1,12,2017,13.29%
1,12,2014,10.68%
1,12,2012,6.36%
1,12,2009,0
1,12,2005,6.17%
1,12,2003,7.67%
1,12,2000,7.47%
1,12,1996,8.46%
1,13,2017,33.40%
1,13,2014,8.39%
1,13,2012,5.77%
1,13,2009,0
1,13,2005,7.80%
1,13,2003,7.93%
1,13,2000,8.75%
1,13,1996,7.55%
2,1,2017,10.91%
2,1,2014,12.47%
2,1,2012,6.20%
2,1,2009,3.50%
2,1,2005,3.79%
2,1,2003,3.41%
2,1,2000,8.55%
2,1,1996,7.85%
2,2,2017,9.11%
2,2,2014,8.97%
2,2,2012,5.32%
2,2,2009,0
2,2,2005,3.20%
2,2,2003,8.23%
2,2,2000,2.13%
2,2,1996,3.44%
2,3,2017,8.24%
2,3,2014,6.32%
2,3,2012,4.01%
2,3,2009,0
2,3,2005,3.77%
2,3,2003,3.25%
2,3,2000,4.56%
2,3,1996,3.32%
2,4,2017,11.89%
2,4,2014,11.19%
2,4,2012,0
2,4,2009,5.02%
2,4,2005,7.78%
2,4,2003,11.13%
2,4,2000,10.92%
3,1,2017,12.95%
3,1,2014,10.41%
3,1,2012,5.88%
3,1,2009,6.30%
3,1,2005,5.25%
3,1,2003,5.19%
3,1,2000,5.32%
3,1,1996,6.42%
3,2,2017,0
3,2,2014,7.68%
3,2,2012,6.15%
3,2,2009,0
3,2,2005,0
3,2,2003,5.27%
3,2,2000,5.17%
3,2,1996,5.23%
3,3,2017,0
3,3,2014,10.81%
3,3,2012,5.72%
3,3,2009,0
3,3,2005,7.42%
3,3,2003,5.81%
3,3,2000,5.47%
3,3,1996,9.88%
3,4,2017,15.50%
3,4,2014,9.93%
3,4,2012,3.87%
3,4,2009,5.50%
3,4,2005,5.39%
3,4,2003,7.04%
3,4,2000,5.11%
4,1,2017,0
4,1,2014,12.56%
4,1,2012,6.03%
4,1,2009,5.68%
4,1,2005,6.24%
4,1,2003,9.01%
4,1,2000,13.38%
4,1,1996,13.82%
4,2,2017,0
4,2,2014,10.79%
4,2,2012,6.33%
4,2,2009,0
4,2,2005,7.26%
4,2,2003,5.23%
4,2,2000,10.04%
4,2,1996,9.54%
4,3,2017,13.29%
4,3,2014,10.51%
4,3,2012,10.74%
4,3,2009,0
4,3,2005,5.99%
4,3,2003,7.46%
4,3,2000,8.90%
4,3,1996,12.33%
4,4,2017,14.10%
4,4,2014,13.36%
4,4,2012,7.44%
4,4,2009,5.24%
4,4,2005,7.92%
4,4,2003,6.40%
4,4,2000,15.08%
4,4,1996,11.18%
4,5,2017,0
4,5,2014,8.97%
4,5,2012,5.56%
4,5,2009,0
4,5,2005,4.98%
4,5,2003,4.76%
4,5,2000,6.36%
4,5,1996,5.04%
4,6,2017,14.28%
4,6,2014,6.52%
4,6,2012,5.09%
4,6,2009,0
4,6,2005,5.29%
4,6,2003,2.61%
4,6,2000,4.69%
4,6,1996,5.19%
5,1,2017,9.86%
5,1,2014,8.20%
5,1,2012,5.99%
5,1,2009,8.82%
5,1,2005,7.67%
5,1,2003,8.18%
5,1,2000,7.67%
5,1,1996,14.10%
5,2,2017,8.44%
5,2,2014,7.50%
5,2,2012,4.25%
5,2,2009,0
5,2,2005,3.53%
5,2,2003,5.32%
5,2,2000,7.95%
5,2,1996,7.08%
5,3,2017,5.31%
5,3,2014,7.28%
5,3,2012,3.17%
5,3,2009,0
5,3,2005,0
5,3,2003,6.78%
5,3,2000,6.11%
5,3,1996,9.36%
6,1,2017,8.44%
6,1,2014,10.29%
6,1,2012,7.72%
6,1,2009,2.62%
6,1,2005,4.72%
6,1,2003,3.64%
6,1,2000,7.48%
6,1,1996,6.53%
6,2,2017,5.13%
6,2,2014,5.56%
6,2,2012,4.48%
6,2,2009,0
6,2,2005,0
6,2,2003,3.78%
6,2,2000,6.40%
6,2,1996,4.86%
6,3,2017,5.64%
6,3,2014,5.79%
6,3,2012,4.60%
6,3,2009,6.01%
6,3,2005,9.01%
6,3,2003,4.61%
6,3,2000,6.46%
6,3,1996,6.02%
6,4,2017,8.02%
6,4,2014,11.84%
7,1,2017,0
7,1,2014,7.72%
7,1,2012,9.20%
7,1,2009,5.09%
7,1,2005,6.77%
7,1,2003,5.38%
7,1,2000,6.75%
7,1,1996,8.02%
7,2,2017,9.92%
7,2,2014,9.61%
7,2,2012,5.37%
7,2,2009,0
7,2,2005,4.72%
7,2,2003,4.67%
7,2,2000,5.26%
7,2,1996,7.09%
7,3,2017,6.82%
7,3,2014,8.78%
7,3,2012,9.44%
7,3,2009,0
7,3,2005,0
7,3,2003,3.54%
7,3,2000,4.85%
7,3,1996,5.55%
7,4,2017,6.21%
7,4,2014,7.09%
7,4,2012,6.08%
7,4,2009,0
7,4,2005,6.55%
7,4,2003,5.70%
7,4,2000,5.59%
7,4,1996,5.82%
7,5,2017,10.02%
7,5,2014,14.10%
7,5,2012,9.37%
7,5,2009,0
7,5,2005,7.93%
7,5,2003,7.90%
7,5,2000,11.85%
7,5,1996,7.19%
8,1,2017,10.58%
8,1,2014,14.92%
8,1,2012,5.73%
8,1,2009,5.96%
8,1,2005,6.64%
8,1,2003,5.88%
8,1,2000,7.69%
8,1,1996,6.97%
8,2,2017,8.34%
8,2,2014,23.34%
8,2,2012,4.30%
8,2,2009,0
8,2,2005,4.79%
8,2,2003,4.51%
8,2,2000,5.64%
8,2,1996,7.40%
8,3,2017,17.21%
8,3,2014,16.01%
8,3,2012,8.62%
8,3,2009,0
8,3,2005,4.87%
8,3,2003,6.95%
8,3,2000,10.13%
8,3,1996,14.91%
8,4,2017,8.96%
8,4,2014,6.29%
8,4,2012,7.19%
8,4,2009,0
8,4,2005,5.80%
8,4,2003,8.10%
8,4,2000,16.65%
8,4,1996,8.66%
8,5,2017,7.86%
8,5,2014,8.94%
8,5,2012,8.90%
8,5,2009,0
8,5,2005,4.30%
8,5,2003,5.43%
8,5,2000,5.39%
8,5,1996,7.21%
8,6,2017,10.81%
8,6,2014,11.18%
8,6,2012,5.73%
8,6,2009,0
8,6,2005,5.88%
8,6,2003,7.84%
8,6,2000,8.61%
8,6,1996,10.33%
8,7,2017,11.54%
8,7,2014,10.92%
8,7,2012,3.70%
8,7,2009,0
8,7,2005,3.71%
8,7,2003,6.54%
8,7,2000,5.30%
8,7,1996,6.44%
9,1,2017,7.82%
9,1,2014,11.05%
9,1,2012,3.58%
9,1,2009,3.29%
9,1,2005,4.02%
9,1,2003,2.97%
9,1,2000,4.65%
9,1,1996,6.04%
9,2,2017,0
9,2,2014,6.77%
9,2,2012,3.01%
9,2,2009,0
9,2,2005,0
9,2,2003,3.40%
9,2,2000,5.66%
9,2,1996,6.33%
9,3,2017,7.76%
9,3,2014,11.20%
9,3,2012,4.67%
9,3,2009,0
9,3,2005,3.82%
9,3,2003,18.26%
9,3,2000,16.62%
9,3,1996,16.49%
9,4,2017,8.20%
9,4,2014,8.67%
9,4,2012,3.29%
9,4,2009,0
9,4,2005,3.83%
9,4,2003,3.30%
9,4,2000,5.30%
9,4,1996,6.74%
9,5,2017,9.34%
9,5,2014,23.46%
9,5,2012,7.09%
9,5,2009,0
9,5,2005,0
9,5,2003,5.02%
9,5,2000,7.66%
9,5,1996,7.60%
10,1,2017,13.59%
10,1,2014,11.40%
10,1,2012,6.25%
10,1,2009,6.17%
10,1,2005,7.57%
10,1,2003,7.49%
10,1,2000,13.72%
10,1,1996,9.60%
10,2,2017,13.72%
10,2,2014,12.73%
10,2,2012,9.86%
10,2,2009,0
10,2,2005,6.07%
10,2,2003,6.13%
10,2,2000,8.80%
10,2,1996,11.74%
10,3,2017,0
10,3,2014,10.70%
10,3,2012,5.47%
10,3,2009,0
10,3,2005,5.46%
10,3,2003,4.82%
10,3,2000,7.19%
10,3,1996,6.18%
10,4,2017,15.65%
10,4,2014,28.71%
10,4,2012,8.47%
10,4,2009,0
10,4,2005,7.32%
10,4,2003,7.42%
10,4,2000,12.38%
10,4,1996,10.25%
10,5,2017,8.86%
10,5,2014,14.35%
10,5,2012,9.77%
10,5,2009,0
10,5,2005,7.61%
10,5,2003,8.33%
10,5,2000,5.44%
10,5,1996,10.82%
11,1,2017,14.76%
11,1,2014,12.54%
11,1,2012,7.64%
11,1,2009,8.78%
11,1,2005,7.41%
11,1,2003,7.78%
11,1,2000,14.10%
11,1,1996,21.17%
11,2,2017,16.62%
11,2,2014,35.21%
11,2,2012,10.24%
11,2,2009,8.29%
11,2,2005,8.86%
11,2,2003,8.35%
11,2,2000,14.14%
11,2,1996,17.15%
11,3,2017,0
11,3,2014,15.56%
11,3,2012,7.03%
11,3,2009,0
11,3,2005,8.40%
11,3,2003,7.18%
11,3,2000,13.88%
11,3,1996,12.69%
11,4,2017,14.67%
11,4,2014,18.24%
11,4,2012,11.82%
11,4,2009,10.73%
11,4,2005,10.53%
11,4,2003,10.93%
11,4,2000,18.15%
11,4,1996,18.25%
11,5,2017,0
11,5,2014,9.55%
11,5,2012,6.36%
11,5,2009,0
11,5,2005,8.10%
11,5,2003,7.96%
11,5,2000,14.58%
11,5,1996,16.46%
11,6,2017,12.75%
11,6,2014,11.92%
11,6,2012,8.27%
11,6,2009,0
11,6,2005,9.27%
11,6,2003,7.83%
11,6,2000,17.81%
11,6,1996,20.24%
11,7,2017,17.89%
11,7,2014,15.02%
11,7,2012,8.28%
11,7,2009,8.47%
11,7,2005,8.73%
11,7,2003,7.45%
11,7,2000,16.81%
11,7,1996,20.04%
11,8,2017,17.69%
11,8,2014,16.33%
11,8,2012,9.48%
11,8,2009,10.67%
11,8,2005,12.67%
11,8,2003,10.21%
11,8,2000,18.43%
11,8,1996,17.43%
11,9,2017,19.42%
11,9,2014,18.35%
11,9,2012,7.42%
11,9,2009,0
11,9,2005,8.62%
11,9,2003,7.67%
11,9,2000,15.13%
11,9,1996,14.35%
11,10,2017,14.88%
11,10,2014,15.75%
11,10,2012,6.90%
11,10,2009,0
11,10,2005,8.27%
11,10,2003,7.43%
11,10,2000,17.35%
11,10,1996,17.96%
11,11,2017,12.94%
11,11,2014,15.35%
11,11,2012,11.36%
11,11,2009,0
11,11,2005,6.93%
11,11,2003,8.76%
11,11,2000,8.11%
11,11,1996,9.12%
11,12,2017,10.33%
11,12,2014,8.83%
11,12,2012,5.08%
11,12,2009,0
11,12,2005,7.45%
11,12,2003,7.61%
11,12,2000,10.00%
11,12,1996,10.74%
11,13,2017,0
11,13,2014,15.11%
11,13,2012,8.46%
11,13,2009,0
11,13,2005,8.66%
11,13,2003,6.29%
11,13,2000,13.58%
11,13,1996,26.28%
11,14,2017,15.46%
11,14,2014,16.31%
11,14,2012,9.09%
11,14,2009,0
11,14,2005,8.66%
11,14,2003,7.82%
11,14,2000,14.21%
11,14,1996,17.92%
11,15,2017,19.81%
11,15,2014,15.40%
11,15,2012,7.82%
11,15,2009,9.57%
11,15,2005,10.12%
11,15,2003,9.40%
12,1,2017,11.90%
12,1,2014,8.82%
12,1,2012,5.65%
12,1,2009,4.98%
12,1,2005,5.53%
12,1,2003,6.92%
12,1,2000,16.11%
12,1,1996,14.08%
12,2,2017,7.39%
12,2,2014,19.95%
12,2,2012,7.06%
12,2,2009,8.19%
12,2,2005,6.23%
12,2,2003,8.11%
12,2,2000,13.42%
12,2,1996,15.57%
12,3,2017,0
12,3,2014,9.14%
12,3,2012,5.10%
12,3,2009,0
12,3,2005,4.87%
12,3,2003,4.90%
12,3,2000,11.15%
12,3,1996,14.43%
12,4,2017,6.80%
12,4,2014,10.53%
12,4,2012,7.53%
12,4,2009,7.62%
12,4,2005,8.35%
12,4,2003,11.29%
12,4,2000,18.15%
12,4,1996,16.17%
12,5,2017,0
12,5,2014,14.25%
12,5,2012,5.43%
12,5,2009,0
12,5,2005,7.43%
12,5,2003,7.07%
12,5,2000,11.02%
12,5,1996,12.31%
12,6,2017,0
12,6,2014,15.02%
12,6,2012,6.86%
12,6,2009,5.67%
12,6,2005,8.16%
12,6,2003,9.18%
12,6,2000,12.52%
12,6,1996,20.38%
12,7,2017,7.08%
12,7,2014,13.54%
12,7,2012,5.28%
12,7,2009,0
12,7,2005,7.71%
12,7,2003,8.17%
12,7,2000,15.24%
12,7,1996,13.39%
12,8,2017,16.44%
12,8,2014,16.03%
12,8,2012,6.51%
12,8,2009,7.47%
12,8,2005,6.69%
12,8,2003,8.87%
12,8,2000,10.09%
12,8,1996,14.61%
12,9,2017,14.46%
12,9,2014,10.33%
12,9,2012,5.59%
12,9,2009,0
12,9,2005,6.59%
12,9,2003,8.08%
12,9,2000,13.16%
12,9,1996,13.19%
12,10,2017,7.67%
12,10,2014,7.91%
12,10,2012,6.34%
12,10,2009,0
12,10,2005,4.57%
12,10,2003,3.49%
12,10,2000,12.82%
12,10,1996,9.65%
12,11,2017,13.84%
12,11,2014,14.79%
12,11,2012,10.66%
12,11,2009,0
12,11,2005,6.89%
12,11,2003,7.88%
12,11,2000,11.32%
12,11,1996,11.64%
12,12,2017,11.70%
12,12,2014,25.71%
12,12,2012,7.57%
12,12,2009,0
12,12,2005,5.26%
12,12,2003,5.27%
12,12,2000,8.59%
12,12,1996,13.78%
12,13,2017,10.18%
12,13,2014,14.88%
12,13,2012,7.52%
12,13,2009,0
12,13,2005,6.99%
12,13,2003,6.77%
13,1,2017,0
13,1,2014,13.09%
13,1,2012,6.71%
13,1,2009,6.45%
13,1,2005,7.94%
13,1,2003,8.75%
13,1,2000,16.17%
13,1,1996,17.33%
13,2,2017,0
13,2,2014,13.24%
13,2,2012,8.80%
13,2,2009,9.64%
13,2,2005,9.90%
13,2,2003,9.80%
13,2,2000,15.18%
13,2,1996,20.52%
13,3,2017,18.24%
13,3,2014,13.13%
13,3,2012,7.95%
13,3,2009,9.00%
13,3,2005,7.88%
13,3,2003,8.76%
13,3,2000,15.50%
13,3,1996,19.06%
13,4,2017,11.32%
13,4,2014,17.92%
13,4,2012,9.83%
13,4,2009,8.86%
13,4,2005,9.78%
13,4,2003,10.92%
13,4,2000,15.13%
13,4,1996,14.78%
13,5,2017,0
13,5,2014,12.47%
13,5,2012,5.65%
13,5,2009,7.69%
13,5,2005,7.83%
13,5,2003,7.38%
13,5,2000,11.56%
13,5,1996,12.76%
13,6,2017,0
13,6,2014,20.52%
13,6,2012,8.30%
13,6,2009,8.76%
13,6,2005,9.57%
13,6,2003,7.38%
13,6,2000,10.38%
13,6,1996,12.44%
13,7,2017,0
13,7,2014,11.90%
13,7,2012,7.39%
13,7,2009,8.79%
13,7,2005,8.97%
13,7,2003,9.48%
13,7,2000,16.18%
13,7,1996,18.04%
13,8,2017,8.80%
13,8,2014,15.47%
13,8,2012,8.49%
13,8,2009,8.45%
13,8,2005,9.48%
13,8,2003,7.08%
13,8,2000,15.09%
13,8,1996,17.75%
13,9,2017,23.10%
13,9,2014,21.19%
13,9,2012,9.21%
13,9,2009,9.04%
13,9,2005,10.01%
13,9,2003,11.33%
13,9,2000,18.05%
13,9,1996,16.89%
13,10,2017,8.54%
13,10,2014,15.42%
13,10,2012,10.86%
13,10,2009,9.44%
13,10,2005,8.17%
13,10,2003,10.66%
13,10,2000,16.25%
13,10,1996,15.82%
13,11,2017,10.91%
13,11,2014,18.64%
13,11,2012,10.82%
13,11,2009,13.16%
13,11,2005,13.09%
13,11,2003,13.37%
13,11,2000,22.83%
13,11,1996,24.03%
13,12,2017,38.32%
13,12,2014,21.04%
13,12,2012,18.91%
13,12,2009,11.98%
13,12,2005,10.27%
13,12,2003,13.50%
13,12,2000,20.53%
13,12,1996,21.20%
13,13,2017,14.09%
13,13,2014,17.45%
13,13,2012,10.03%
13,13,2009,10.28%
13,13,2005,12.79%
13,13,2003,13.81%
13,13,2000,22.44%
13,13,1996,20.77%
13,14,2017,21.00%
13,14,2014,19.73%
13,14,2012,9.52%
13,14,2009,10.24%
13,14,2005,10.32%
13,14,2003,9.72%
13,14,2000,19.57%
13,14,1996,18.34%
13,15,2017,15.73%
13,15,2014,14.64%
13,15,2012,7.81%
13,15,2009,8.94%
13,15,2005,10.45%
13,15,2003,10.04%
13,15,2000,15.61%
13,15,1996,17.65%
13,16,2017,0
13,16,2014,17.36%
13,16,2012,6.05%
13,16,2009,8.62%
13,16,2005,9.92%
13,16,2003,7.94%
13,16,2000,13.55%
13,16,1996,14.00%
13,17,2017,19.59%
13,17,2014,18.81%
13,17,2012,10.14%
13,17,2009,7.95%
13,17,2005,10.77%
13,17,2003,9.68%
13,17,2000,16.16%
13,17,1996,15.99%
13,18,2017,0
13,18,2014,15.41%
13,18,2012,5.14%
13,18,2009,7.64%
13,18,2005,8.06%
13,18,2003,6.71%
13,18,2000,10.72%
13,18,1996,12.01%
13,19,2017,7.43%
13,19,2014,14.04%
13,19,2012,8.36%
13,19,2009,9.00%
13,19,2005,9.28%
13,19,2003,8.92%
13,19,2000,14.53%
13,19,1996,14.04%
13,20,2017,26.75%
13,20,2014,23.59%
13,20,2012,13.63%
13,20,2009,11.83%
13,20,2005,12.77%
13,20,2003,12.07%
13,20,2000,15.16%
13,20,1996,17.08%
13,21,2017,0
13,21,2014,17.63%
13,21,2012,9.58%
13,21,2009,8.56%
13,21,2005,10.74%
13,21,2003,8.38%
13,21,2000,17.38%
13,21,1996,20.91%
13,22,2017,8.98%
13,22,2014,14.56%
13,22,2012,8.94%
13,22,2009,9.32%
13,22,2005,9.82%
13,22,2003,10.02%
13,22,2000,14.30%
13,22,1996,15.17%
13,23,2017,23.96%
13,23,2014,13.82%
13,23,2012,7.27%
13,23,2009,8.95%
13,23,2005,9.18%
13,23,2003,9.19%
13,23,2000,14.25%
13,23,1996,18.44%
13,24,2017,9.82%
13,24,2014,13.49%
13,24,2012,7.81%
13,24,2009,8.78%
13,24,2005,9.26%
13,24,2003,8.71%
13,24,2000,15.69%
13,24,1996,14.02%
13,25,2017,9.73%
13,25,2014,18.26%
13,25,2012,9.58%
13,25,2009,10.41%
13,25,2005,9.99%
13,25,2003,8.85%
13,25,2000,14.07%
13,25,1996,12.67%
14,1,2017,0
14,1,2014,16.32%
14,1,2012,6.37%
14,1,2009,6.72%
14,1,2005,7.28%
14,1,2003,6.53%
14,1,2000,12.43%
14,1,1996,12.74%
14,2,2017,7.74%
14,2,2014,21.69%
14,2,2012,12.15%
14,2,2009,7.16%
14,2,2005,8.13%
14,2,2003,9.92%
14,2,2000,16.52%
14,2,1996,13.98%
14,3,2017,11.66%
14,3,2014,15.62%
14,3,2012,7.26%
14,3,2009,7.48%
14,3,2005,8.80%
14,3,2003,9.13%
14,3,2000,14.17%
14,3,1996,14.14%
14,4,2017,0
14,4,2014,10.60%
14,4,2012,7.48%
14,4,2009,0
14,4,2005,6.05%
14,4,2003,7.06%
14,4,2000,10.24%
14,4,1996,11.73%
14,5,2017,19.56%
14,5,2014,13.56%
14,5,2012,7.38%
14,5,2009,9.66%
14,5,2005,10.24%
14,5,2003,12.50%
14,5,2000,19.53%
14,5,1996,16.44%
14,6,2017,0
14,6,2014,11.65%
14,6,2012,7.45%
14,6,2009,8.80%
14,6,2005,8.57%
14,6,2003,6.04%
14,6,2000,11.67%
14,6,1996,13.52%
14,7,2017,0
14,7,2014,11.48%
14,7,2012,4.94%
14,7,2009,0
14,7,2005,6.55%
14,7,2003,8.11%
14,7,2000,10.15%
14,7,1996,12.89%
14,8,2017,9.65%
14,8,2014,11.27%
14,8,2012,5.75%
14,8,2009,0
14,8,2005,4.58%
14,8,2003,4.69%
14,8,2000,8.68%
14,8,1996,10.67%
14,9,2017,18.38%
14,9,2014,10.64%
14,9,2012,8.62%
14,9,2009,8.11%
14,9,2005,8.94%
14,9,2003,9.23%
14,9,2000,17.07%
14,9,1996,16.33%
14,10,2017,22.29%
14,10,2014,17.32%
14,10,2012,9.03%
14,10,2009,10.67%
14,10,2005,12.28%
14,10,2003,14.26%
14,10,2000,20.51%
14,10,1996,21.53%
14,11,2017,11.03%
14,11,2014,16.72%
14,11,2012,7.68%
14,11,2009,4.77%
14,11,2005,4.22%
14,11,2003,5.82%
14,11,2000,12.24%
14,11,1996,13.45%
14,12,2017,0
14,12,2014,8.25%
14,12,2012,5.04%
14,12,2009,4.67%
14,12,2005,5.26%
14,12,2003,5.86%
14,12,2000,7.92%
14,12,1996,15.01%
14,13,2017,16.16%
14,13,2014,14.46%
14,13,2012,5.82%
14,13,2009,6.25%
14,13,2005,8.05%
14,13,2003,7.93%
14,13,2000,8.33%
14,13,1996,11.48%
14,14,2017,12.13%
14,14,2014,9.81%
14,14,2012,5.81%
14,14,2009,6.27%
14,14,2005,8.66%
14,14,2003,6.70%
14,14,2000,10.11%
14,14,1996,14.99%
14,15,2017,0
14,15,2014,16.36%
14,15,2012,20.02%
14,15,2009,5.14%
14,15,2005,7.57%
14,15,2003,6.48%
14,15,2000,9.63%
14,15,1996,12.40%
14,16,2017,12.28%
14,16,2014,9.00%
14,16,2012,6.37%
14,16,2009,0
14,16,2005,8.00%
14,16,2003,7.91%
14,16,2000,11.25%
14,16,1996,12.31%
14,17,2017,12.18%
14,17,2014,10.62%
14,17,2012,3.89%
14,17,2009,0
14,17,2005,7.19%
14,17,2003,7.93%
14,17,2000,9.26%
14,17,1996,9.17%
14,18,2017,18.50%
14,18,2014,11.32%
14,18,2012,7.71%
14,18,2009,7.01%
14,18,2005,8.82%
14,18,2003,7.66%
15,1,2017,0
15,1,2014,10.16%
15,1,2012,7.76%
15,1,2009,6.36%
15,1,2005,7.48%
15,1,2003,7.76%
15,1,2000,10.28%
15,1,1996,10.86%
15,2,2017,5.30%
15,2,2014,6.96%
15,2,2012,5.61%
15,2,2009,0
15,2,2005,5.99%
15,2,2003,5.63%
15,2,2000,9.58%
15,2,1996,6.01%
15,3,2017,0
15,3,2014,6.67%
15,3,2012,6.23%
15,3,2009,0
15,3,2005,6.34%
15,3,2003,7.93%
15,3,2000,6.88%
15,3,1996,6.84%
15,4,2017,0
15,4,2014,8.45%
15,4,2012,5.24%
15,4,2009,0
15,4,2005,8.14%
15,4,2003,6.97%
15,4,2000,8.27%
15,4,1996,7.48%
15,5,2017,0
15,5,2014,9.18%
15,5,2012,4.71%
15,5,2009,0
15,5,2005,8.58%
15,5,2003,4.76%
15,5,2000,6.38%
15,5,1996,5.03%
15,6,2017,0
15,6,2014,7.76%
15,6,2012,7.77%
15,6,2009,4.09%
15,6,2005,4.90%
15,6,2003,3.29%
15,6,2000,3.68%
15,6,1996,4.33%
16,1,2017,10.64%
16,1,2014,8.22%
16,1,2012,4.85%
16,1,2009,3.85%
16,1,2005,5.84%
16,1,2003,7.12%
16,1,2000,6.90%
16,1,1996,5.17%
16,2,2017,0
16,2,2014,9.50%
16,2,2012,6.34%
16,2,2009,0
16,2,2005,4.13%
16,2,2003,5.08%
16,2,2000,9.61%
16,2,1996,15.22%
16,3,2017,7.97%
16,3,2014,18.77%
16,3,2012,6.34%
16,3,2009,0
16,3,2005,2.49%
16,3,2003,7.76%
16,3,2000,5.30%
16,3,1996,13.81%
17,1,2017,8.51%
17,1,2014,9.77%
17,1,2012,4.31%
17,1,2009,4.30%
17,1,2005,4.91%
17,1,2003,5.09%
17,1,2000,5.46%
17,1,1996,10.42%
17,2,2017,5.22%
17,2,2014,21.08%
17,2,2012,6.89%
17,2,2009,0
17,2,2005,5.11%
17,2,2003,4.54%
17,2,2000,4.91%
17,2,1996,5.12%
17,3,2017,3.18%
17,3,2014,5.36%
17,3,2012,7.41%
17,3,2009,0
17,3,2005,0
17,3,2003,4.50%
17,3,2000,4.43%
17,3,1996,3.17%
18,1,2017,11.24%
18,1,2014,8.63%
18,1,2012,4.65%
18,1,2009,4.39%
18,1,2005,3.90%
18,1,2003,4.80%
18,1,2000,7.67%
18,1,1996,5.91%
18,2,2017,8.62%
18,2,2014,7.36%
18,2,2012,4.09%
18,2,2009,0
18,2,2005,0
18,2,2003,3.61%
18,2,2000,6.35%
18,2,1996,4.68%
18,3,2017,5.26%
18,3,2014,0
18,3,2012,0
18,3,2009,5.47%
18,3,2005,4.75%
18,3,2003,6.29%
19,1,2017,8.83%
19,1,2014,12.54%
19,1,2012,8.48%
19,1,2009,7.89%
19,1,2005,8.23%
19,1,2003,10.38%
19,1,2000,8.95%
19,1,1996,7.92%
19,2,2017,3.08%
19,2,2014,8.69%
19,2,2012,4.51%
19,2,2009,0
19,2,2005,4.30%
19,2,2003,22.91%
19,2,2000,15.47%
19,2,1996,11.27%
19,3,2017,7.74%
19,3,2014,0
19,3,2012,0
19,3,2009,7.35%
19,3,2005,8.97%
19,3,2003,25.05%
20,1,2017,0
20,1,2014,12.80%
20,1,2012,11.10%
20,1,2009,8.53%
20,1,2005,11.74%
20,1,2003,12.47%
20,1,2000,20.11%
20,1,1996,7.52%
20,2,2017,0
20,2,2014,11.74%
20,2,2012,11.30%
20,2,2009,6.53%
20,2,2005,6.39%
20,2,2003,7.16%
20,2,2000,11.13%
20,2,1996,10.60%
20,3,2017,14.33%
20,3,2014,12.42%
20,3,2012,8.52%
20,3,2009,14.04%
20,3,2005,12.33%
20,3,2003,10.94%
20,3,2000,12.79%
20,3,1996,9.91%
20,4,2017,27.19%
20,4,2014,16.11%
20,4,2012,12.60%
20,4,2009,8.78%
20,4,2005,12.65%
20,4,2003,9.39%
20,4,2000,15.47%
20,4,1996,18.04%
20,5,2017,0
20,5,2014,17.37%
20,5,2012,9.86%
20,5,2009,6.49%
20,5,2005,12.04%
20,5,2003,10.03%
20,5,2000,16.64%
20,5,1996,9.67%
21,1,2017,0
21,1,2014,15.78%
21,1,2012,7.03%
21,1,2009,4.39%
21,1,2005,4.40%
21,1,2003,8.85%
21,1,2000,11.22%
21,1,1996,10.22%
21,2,2017,24.60%
21,2,2014,24.48%
21,2,2012,6.54%
21,2,2009,0
21,2,2005,6.71%
21,2,2003,7.18%
21,2,2000,6.50%
21,2,1996,10.17%
21,3,2017,12.55%
21,3,2014,9.88%
21,3,2012,6.72%
21,3,2009,0
21,3,2005,7.55%
21,3,2003,6.33%
21,3,2000,10.23%
21,3,1996,13.09%
21,4,2017,8.53%
21,4,2014,9.05%
21,4,2012,6.89%
21,4,2009,0
21,4,2005,3.44%
21,4,2003,5.44%
21,4,2000,8.74%
21,4,1996,12.38%
21,5,2017,11.92%
21,5,2014,11.28%
21,5,2012,10.60%
21,5,2009,0
21,5,2005,6.69%
21,5,2003,7.69%
21,5,2000,13.91%
21,5,1996,7.11%
22,1,2017,7.16%
22,1,2014,8.36%
22,1,2012,6.07%
22,1,2009,5.59%
22,1,2005,6.37%
22,1,2003,6.73%
22,1,2000,9.83%
22,1,1996,8.18%
22,2,2017,9.69%
22,2,2014,10.82%
22,2,2012,5.49%
22,2,2009,0
22,2,2005,0
22,2,2003,5.62%
22,2,2000,9.65%
22,2,1996,17.55%
22,3,2017,0
22,3,2014,8.65%
22,3,2012,5.91%
22,3,2009,0
22,3,2005,7.15%
22,3,2003,5.24%
22,3,2000,9.22%
22,3,1996,11.28%
22,4,2017,10.70%
22,4,2014,8.25%
22,4,2012,6.36%
22,4,2009,0
22,4,2005,0
22,4,2003,7.13%
22,4,2000,13.23%
22,4,1996,15.18%
22,5,2017,8.28%
22,5,2014,6.81%
22,5,2012,5.84%
22,5,2009,0
22,5,2005,4.59%
22,5,2003,3.82%
22,5,2000,7.59%
22,5,1996,10.25%
22,6,2017,8.23%
22,6,2014,7.77%
22,6,2012,5.66%
22,6,2009,0
22,6,2005,6.24%
22,6,2003,5.45%
22,6,2000,6.22%
22,6,1996,8.14%
22,7,2017,5.58%
22,7,2014,8.95%
22,7,2012,3.53%
22,7,2009,0
22,7,2005,0
22,7,2003,4.63%
22,7,2000,9.44%
22,7,1996,11.14%
22,8,2017,9.82%
22,8,2014,8.60%
22,8,2012,6.08%
22,8,2009,4.80%
22,8,2005,4.79%
22,8,2003,6.40%
22,8,2000,9.62%
22,8,1996,12.30%
22,9,2017,9.44%
22,9,2014,11.14%
23,1,2017,0
23,1,2014,11.70%
23,1,2012,8.18%
23,1,2009,6.44%
23,1,2005,7.38%
23,1,2003,9.72%
23,1,2000,12.93%
23,1,1996,13.29%
23,2,2017,13.81%
23,2,2014,11.99%
23,2,2012,8.09%
23,2,2009,7.76%
23,2,2005,8.93%
23,2,2003,9.20%
23,2,2000,12.87%
23,2,1996,12.53%
23,3,2017,0
23,3,2014,11.40%
23,3,2012,9.64%
23,3,2009,8.74%
23,3,2005,9.03%
23,3,2003,9.54%
23,3,2000,16.52%
23,3,1996,16.12%
23,4,2017,17.63%
23,4,2014,12.72%
23,4,2012,9.77%
23,4,2009,12.77%
23,4,2005,14.01%
23,4,2003,14.62%
23,4,2000,22.88%
23,4,1996,19.29%
23,5,2017,0
23,5,2014,12.20%
23,5,2012,7.71%
23,5,2009,0
23,5,2005,7.24%
23,5,2003,7.69%
23,5,2000,12.53%
23,5,1996,11.23%
23,6,2017,10.39%
23,6,2014,15.86%
23,6,2012,10.43%
23,6,2009,0
23,6,2005,8.94%
23,6,2003,9.28%
23,6,2000,11.76%
23,6,1996,11.29%
23,7,2017,0
23,7,2014,8.98%
23,7,2012,6.11%
23,7,2009,0
23,7,2005,8.51%
23,7,2003,6.98%
23,7,2000,10.27%
23,7,1996,11.96%
23,8,2017,8.48%
23,8,2014,9.48%
23,8,2012,6.80%
23,8,2009,0
23,8,2005,5.34%
23,8,2003,6.87%
23,8,2000,7.64%
23,8,1996,11.06%
23,9,2017,11.60%
23,9,2014,11.51%
23,9,2012,6.38%
23,9,2009,0
23,9,2005,6.37%
23,9,2003,6.95%
23,9,2000,10.56%
23,9,1996,8.67%
23,10,2017,11.96%
23,10,2014,12.28%
23,10,2012,7.19%
23,10,2009,0
23,10,2005,8.00%
23,10,2003,9.07%
23,10,2000,9.99%
23,10,1996,12.15%
23,11,2017,7.46%
23,11,2014,7.02%
23,11,2012,6.00%
23,11,2009,0
23,11,2005,6.09%
23,11,2003,10.44%
23,11,2000,6.12%
23,11,1996,5.96%
23,12,2017,5.35%
23,12,2014,7.97%
23,12,2012,3.41%
23,12,2009,6.29%
23,12,2005,4.86%
23,12,2003,6.01%
23,12,2000,8.37%
23,12,1996,11.74%
23,13,2017,7.97%
23,13,2014,7.35%
23,13,2012,4.70%
23,13,2009,0
23,13,2005,5.08%
23,13,2003,5.00%
23,13,2000,6.96%
23,13,1996,10.36%
23,14,2017,9.74%
23,14,2014,9.63%
23,14,2012,5.78%
23,14,2009,0
23,14,2005,5.74%
23,14,2003,4.98%
23,14,2000,6.87%
23,14,1996,10.04%
23,15,2017,9.71%
23,15,2014,12.52%
23,15,2012,5.18%
23,15,2009,6.08%
23,15,2005,9.27%
23,15,2003,7.32%
23,15,2000,10.53%
23,15,1996,13.81%
24,1,2017,0
24,1,2014,13.08%
24,1,2012,8.01%
24,1,2009,0
24,1,2005,6.42%
24,1,2003,5.48%
24,1,2000,10.30%
24,1,1996,9.81%
24,2,2017,0
24,2,2014,10.85%
24,2,2012,7.31%
24,2,2009,5.16%
24,2,2005,5.66%
24,2,2003,7.04%
24,2,2000,6.33%
24,2,1996,10.34%
24,3,2017,5.18%
24,3,2014,7.57%
24,3,2012,8.10%
24,3,2009,0
24,3,2005,5.07%
24,3,2003,6.37%
24,3,2000,8.06%
24,3,1996,11.00%
24,4,2017,8.53%
24,4,2014,25.50%
24,4,2012,7.77%
24,4,2009,0
24,4,2005,0
24,4,2003,6.88%
24,4,2000,9.54%
24,4,1996,6.08%
24,5,2017,8.33%
24,5,2014,8.30%
24,5,2012,0
24,5,2009,4.28%
24,5,2005,4.25%
24,5,2003,9.30%
24,5,2000,27.21%
25,1,2017,0
25,1,2014,12.83%
25,1,2012,10.18%
25,1,2009,9.19%
25,1,2005,10.28%
25,1,2003,11.81%
25,1,2000,16.70%
25,1,1996,14.63%
25,2,2017,0
25,2,2014,10.62%
25,2,2012,7.79%
25,2,2009,0
25,2,2005,5.94%
25,2,2003,7.61%
25,2,2000,12.26%
25,2,1996,11.08%
25,3,2017,10.90%
25,3,2014,10.73%
25,3,2012,6.42%
25,3,2009,5.86%
25,3,2005,6.51%
25,3,2003,7.21%
25,3,2000,14.09%
25,3,1996,12.67%
25,4,2017,13.66%
25,4,2014,8.77%
25,4,2012,7.28%
25,4,2009,9.73%
25,4,2005,9.05%
25,4,2003,8.68%
26,1,2017,33.27%
26,1,2014,29.38%
26,1,2012,19.83%
26,1,2009,22.21%
26,1,2005,23.30%
26,1,2003,25.65%
26,1,2000,33.37%
26,1,1996,29.95%
26,2,2017,21.28%
26,2,2014,21.24%
26,2,2012,16.84%
26,2,2009,14.70%
26,2,2005,17.02%
26,2,2003,18.01%
26,2,2000,26.69%
26,2,1996,28.67%
26,3,2017,16.06%
26,3,2014,16.07%
26,3,2012,14.31%
26,3,2009,13.70%
26,3,2005,14.94%
26,3,2003,17.18%
26,3,2000,24.57%
26,3,1996,34.68%
26,4,2017,19.48%
26,4,2014,17.00%
26,4,2012,11.45%
26,4,2009,11.42%
26,4,2005,13.76%
26,4,2003,16.97%
26,4,2000,23.86%
26,4,1996,29.53%
26,5,2017,15.25%
26,5,2014,14.44%
26,5,2012,12.36%
26,5,2009,9.49%
26,5,2005,13.90%
26,5,2003,14.82%
26,5,2000,20.28%
26,5,1996,20.36%
26,6,2017,14.75%
26,6,2014,14.62%
26,6,2012,10.08%
26,6,2009,10.54%
26,6,2005,12.65%
26,6,2003,12.97%
26,6,2000,18.61%
26,6,1996,17.17%
27,1,2017,8.05%
27,1,2014,17.20%
27,1,2012,8.19%
27,1,2009,8.85%
27,1,2005,11.72%
27,1,2003,13.72%
27,1,2000,22.23%
27,1,1996,22.52%
27,2,2017,0
27,2,2014,20.28%
27,2,2012,11.96%
27,2,2009,10.31%
27,2,2005,12.10%
27,2,2003,19.34%
27,2,2000,29.49%
27,2,1996,31.37%
27,3,2017,35.43%
27,3,2014,42.79%
27,3,2012,25.58%
27,3,2009,13.23%
27,3,2005,15.34%
27,3,2003,15.89%
27,3,2000,37.68%
27,3,1996,20.68%
27,4,2017,19.45%
27,4,2014,14.83%
27,4,2012,10.40%
27,4,2009,10.67%
27,4,2005,11.45%
27,4,2003,12.97%
27,4,2000,17.86%
27,4,1996,24.47%
27,5,2017,17.68%
27,5,2014,42.47%
27,5,2012,23.72%
27,5,2009,13.65%
27,5,2005,17.36%
27,5,2003,17.50%
27,5,2000,26.06%
27,5,1996,27.08%
27,6,2017,0
27,6,2014,25.25%
27,6,2012,17.73%
27,6,2009,10.51%
27,6,2005,12.25%
27,6,2003,14.03%
27,6,2000,34.15%
27,6,1996,19.22%
27,7,2017,20.98%
27,7,2014,20.73%
27,7,2012,10.21%
27,7,2009,12.28%
27,7,2005,12.18%
27,7,2003,15.50%
27,7,2000,22.42%
27,7,1996,23.17%
27,8,2017,8.91%
27,8,2014,12.04%
27,8,2012,9.66%
27,8,2009,9.05%
27,8,2005,10.80%
27,8,2003,13.59%
27,8,2000,17.17%
27,8,1996,17.50%
27,9,2017,0
27,9,2014,13.46%
27,9,2012,8.00%
27,9,2009,8.23%
27,9,2005,9.72%
27,9,2003,9.22%
27,9,2000,17.55%
27,9,1996,20.03%
27,10,2017,0
27,10,2014,7.97%
27,10,2012,7.48%
27,10,2009,8.49%
27,10,2005,5.84%
27,10,2003,13.03%
27,10,2000,11.68%
27,10,1996,16.98%
27,11,2017,0
27,11,2014,9.56%
27,11,2012,8.53%
27,11,2009,11.71%
27,11,2005,12.78%
27,11,2003,13.75%
27,11,2000,17.09%
27,11,1996,19.18%
27,12,2017,14.38%
27,12,2014,10.62%
27,12,2012,8.82%
27,12,2009,8.51%
27,12,2005,10.74%
27,12,2003,11.40%
27,12,2000,15.84%
27,12,1996,18.63%
27,13,2017,9.05%
27,13,2014,17.90%
27,13,2012,11.97%
27,13,2009,18.43%
27,13,2005,16.88%
27,13,2003,17.07%
27,13,2000,26.80%
27,13,1996,15.21%
27,14,2017,18.69%
27,14,2014,17.41%
27,14,2012,14.39%
27,14,2009,9.85%
27,14,2005,12.86%
27,14,2003,14.11%
27,14,2000,20.09%
27,14,1996,20.79%
27,15,2017,16.43%
27,15,2014,16.09%
27,15,2012,9.46%
27,15,2009,9.89%
27,15,2005,12.27%
27,15,2003,13.37%
27,15,2000,20.97%
27,15,1996,22.69%
27,16,2017,0
27,16,2014,14.77%
27,16,2012,13.90%
27,16,2009,9.26%
27,16,2005,12.47%
27,16,2003,14.46%
27,16,2000,29.76%
27,16,1996,20.78%
27,17,2017,17.52%
27,17,2014,16.91%
27,17,2012,8.74%
27,17,2009,9.57%
27,17,2005,14.17%
27,17,2003,15.14%
27,17,2000,20.73%
27,17,1996,30.36%
27,18,2017,14.85%
27,18,2014,14.61%
27,18,2012,9.36%
27,18,2009,10.07%
27,18,2005,11.71%
27,18,2003,12.50%
27,18,2000,19.63%
27,18,1996,18.47%
27,19,2017,12.86%
27,19,2014,7.72%
27,19,2012,5.67%
27,19,2009,7.43%
27,19,2005,8.34%
27,19,2003,9.37%
27,19,2000,15.17%
27,19,1996,13.45%
28,1,2017,11.78%
28,1,2014,14.10%
28,1,2012,8.78%
28,1,2009,9.08%
28,1,2005,9.71%
28,1,2003,11.40%
28,1,2000,25.91%
28,1,1996,21.12%
28,2,2017,23.22%
28,2,2014,19.92%
28,2,2012,12.57%
28,2,2009,10.14%
28,2,2005,14.12%
28,2,2003,15.29%
28,2,2000,36.25%
28,2,1996,18.63%
28,3,2017,15.66%
28,3,2014,11.23%
28,3,2012,7.70%
28,3,2009,9.13%
28,3,2005,12.06%
28,3,2003,13.64%
28,3,2000,11.70%
28,3,1996,16.88%
28,4,2017,11.32%
28,4,2014,14.70%
28,4,2012,6.52%
28,4,2009,0
28,4,2005,7.89%
28,4,2003,8.98%
28,4,2000,23.29%
28,4,1996,11.00%
28,5,2017,11.12%
28,5,2014,11.96%
28,5,2012,7.00%
28,5,2009,0
28,5,2005,6.80%
28,5,2003,6.40%
28,5,2000,7.37%
28,5,1996,11.45%
28,6,2017,0
28,6,2014,14.57%
28,6,2012,6.57%
28,6,2009,9.03%
28,6,2005,5.74%
28,6,2003,7.16%
28,6,2000,12.34%
28,6,1996,13.75%
28,7,2017,17.06%
28,7,2014,9.05%
28,7,2012,8.37%
28,7,2009,8.91%
28,7,2005,7.68%
28,7,2003,12.08%
28,7,2000,11.42%
28,7,1996,9.53%
28,8,2017,36.44%
28,8,2014,39.12%
28,8,2012,10.83%
28,8,2009,8.07%
28,8,2005,12.64%
28,8,2003,10.43%
28,8,2000,20.02%
28,8,1996,19.92%
28,9,2017,0
28,9,2014,25.24%
28,9,2012,8.07%
28,9,2009,0
28,9,2005,6.20%
28,9,2003,5.98%
28,9,2000,10.88%
28,9,1996,12.69%
28,10,2017,15.83%
28,10,2014,14.62%
28,10,2012,6.09%
28,10,2009,0
28,10,2005,7.39%
28,10,2003,7.98%
28,10,2000,8.74%
28,10,1996,9.31%
28,11,2017,12.15%
28,11,2014,9.36%
28,11,2012,6.03%
28,11,2009,0
28,11,2005,6.05%
28,11,2003,5.82%
28,11,2000,8.42%
28,11,1996,8.08%
28,12,2017,12.64%
28,12,2014,9.12%
28,12,2012,5.00%
28,12,2009,0
28,12,2005,3.67%
28,12,2003,3.84%
28,12,2000,5.98%
28,12,1996,10.00%
29,1,2017,9.82%
29,1,2014,10.38%
29,1,2012,7.14%
29,1,2009,7.40%
29,1,2005,7.68%
29,1,2003,12.12%
29,1,2000,19.33%
29,1,1996,20.67%
29,2,2017,14.65%
29,2,2014,13.98%
29,2,2012,6.70%
29,2,2009,7.36%
29,2,2005,6.12%
29,2,2003,8.75%
29,2,2000,15.82%
29,2,1996,15.38%
29,3,2017,10.31%
29,3,2014,16.47%
29,3,2012,8.20%
29,3,2009,7.10%
29,3,2005,9.15%
29,3,2003,8.33%
29,3,2000,12.98%
29,3,1996,10.71%
29,4,2017,8.96%
29,4,2014,5.37%
29,4,2012,0
29,4,2009,5.00%
29,4,2005,6.16%
29,4,2003,6.44%
29,4,2000,6.69%
30,1,2017,9.98%
30,1,2014,9.90%
30,1,2012,7.55%
30,1,2009,6.06%
30,1,2005,9.31%
30,1,2003,31.10%
30,1,2000,18.50%
30,1,1996,13.50%
30,2,2017,12.72%
30,2,2014,12.20%
30,2,2012,8.62%
30,2,2009,0
30,2,2005,7.92%
30,2,2003,7.29%
30,2,2000,13.47%
30,2,1996,13.79%
30,3,2017,27.05%
30,3,2014,23.50%
30,3,2012,11.54%
30,3,2009,0
30,3,2005,9.18%
30,3,2003,21.63%
30,3,2000,11.62%
30,3,1996,7.73%
31,1,2017,16.37%
31,1,2014,19.73%
31,1,2012,11.89%
31,1,2009,3.85%
31,1,2005,6.16%
31,1,2003,8.83%
31,1,2000,5.06%
31,1,1996,9.85%
31,2,2017,7.53%
31,2,2014,7.54%
31,2,2012,7.36%
31,2,2009,0
31,2,2005,3.92%
31,2,2003,5.84%
31,2,2000,7.55%
31,2,1996,10.50%
32,1,2017,0
32,1,2014,11.19%
32,1,2012,8.14%
32,1,2009,4.16%
32,1,2005,6.17%
32,1,2003,7.37%
32,1,2000,5.83%
32,1,1996,15.10%
32,2,2017,12.61%
32,2,2014,11.47%
32,2,2012,8.23%
32,2,2009,0
32,2,2005,4.37%
32,2,2003,4.72%
32,2,2000,4.02%
32,2,1996,6.17%
32,3,2017,7.59%
32,3,2014,6.80%
33,1,2017,0
33,1,2014,9.36%
33,1,2012,5.74%
33,1,2009,4.32%
33,1,2005,5.77%
33,1,2003,6.72%
33,1,2000,10.21%
33,1,1996,10.33%
33,2,2017,9.45%
33,2,2014,10.87%
33,2,2012,10.16%
33,2,2009,0
33,2,2005,7.43%
33,2,2003,8.85%
33,2,2000,12.30%
33,2,1996,13.27%
33,3,2017,10.09%
33,3,2014,12.42%
33,3,2012,4.80%
33,3,2009,0
33,3,2005,4.15%
33,3,2003,7.09%
33,3,2000,7.96%
33,3,1996,7.74%
33,4,2017,7.75%
33,4,2014,7.57%
33,4,2012,5.67%
33,4,2009,0
33,4,2005,7.92%
33,4,2003,7.76%
33,4,2000,10.74%
33,4,1996,6.76%
33,5,2017,9.66%
33,5,2014,20.72%
33,5,2012,6.98%
33,5,2009,0
33,5,2005,5.45%
33,5,2003,4.65%
33,5,2000,6.84%
33,5,1996,6.59%
34,1,2017,22.04%
34,1,2014,12.80%
34,1,2012,7.62%
34,1,2009,4.43%
34,1,2005,5.71%
34,1,2003,7.55%
34,1,2000,12.76%
34,1,1996,7.58%
34,2,2017,8.12%
34,2,2014,8.54%
34,2,2012,5.72%
34,2,2009,0
34,2,2005,5.12%
34,2,2003,4.48%
34,2,2000,17.88%
34,2,1996,7.51%
34,3,2017,0
34,3,2014,9.81%
34,3,2012,7.28%
34,3,2009,0
34,3,2005,4.43%
34,3,2003,9.75%
34,3,2000,7.48%
34,3,1996,7.85%
34,4,2017,7.32%
34,4,2014,15.55%
34,4,2012,8.56%
34,4,2009,0
34,4,2005,5.46%
34,4,2003,4.21%
34,4,2000,10.81%
34,4,1996,10.31%
34,5,2017,11.18%
34,5,2014,22.29%
34,5,2012,5.76%
34,5,2009,0
34,5,2005,3.96%
34,5,2003,3.81%
34,5,2000,6.97%
34,5,1996,5.92%
34,6,2017,8.61%
34,6,2014,9.79%
34,6,2012,8.63%
34,6,2009,7.62%
34,6,2005,0
34,6,2003,4.73%
34,6,2000,8.20%
34,6,1996,4.15%
34,7,2017,9.51%
34,7,2014,8.47%
34,7,2012,5.99%
34,7,2009,0
34,7,2005,6.00%
34,7,2003,5.61%
34,7,2000,10.31%
34,7,1996,7.43%
35,1,2017,9.30%
35,1,2014,9.58%
35,1,2012,4.81%
35,1,2009,4.06%
35,1,2005,8.60%
35,1,2003,5.57%
35,1,2000,11.03%
35,1,1996,22.63%
35,2,2017,26.17%
35,2,2014,6.71%
35,2,2012,4.13%
35,2,2009,0
35,2,2005,6.09%
35,2,2003,5.52%
35,2,2000,8.22%
35,2,1996,6.53%
35,3,2017,0
35,3,2014,10.13%
35,3,2012,10.32%
35,3,2009,0
35,3,2005,8.47%
35,3,2003,7.88%
35,3,2000,21.75%
35,3,1996,18.71%
35,4,2017,9.50%
35,4,2014,13.13%
35,4,2012,9.10%
35,4,2009,4.62%
35,4,2005,6.68%
35,4,2003,8.20%
35,4,2000,28.29%
35,4,1996,10.96%
36,1,2017,8.91%
36,1,2014,8.91%
36,1,2012,11.43%
36,1,2009,6.09%
36,1,2005,7.37%
36,1,2003,7.97%
36,1,2000,11.00%
36,1,1996,8.89%
36,2,2017,22.37%
36,2,2014,25.86%
36,2,2012,7.69%
36,2,2009,0
36,2,2005,3.01%
36,2,2003,4.05%
36,2,2000,6.25%
36,2,1996,13.96%
36,3,2017,4.74%
36,3,2014,0
36,3,2012,3.89%
36,3,2009,5.38%
36,3,2005,7.99%
36,3,2003,7.45%
37,1,2017,0
37,1,2014,6.56%
37,1,2012,4.70%
37,1,2009,3.04%
37,1,2005,4.14%
37,1,2003,3.58%
37,1,2000,6.74%
37,1,1996,5.65%
37,2,2017,4.11%
37,2,2014,3.58%
37,2,2012,4.43%
37,2,2009,0
37,2,2005,5.20%
37,2,2003,5.57%
37,2,2000,7.35%
37,2,1996,21.29%
37,3,2017,0
37,3,2014,8.66%
37,3,2012,5.79%
37,3,2009,4.32%
37,3,2005,8.75%
37,3,2003,6.41%
37,3,2000,15.12%
37,3,1996,4.85%
38,1,2017,10.72%
38,1,2014,6.42%
38,1,2012,4.42%
38,1,2009,3.00%
38,1,2005,5.60%
38,1,2003,7.59%
38,1,2000,8.71%
38,1,1996,8.75%
38,2,2017,8.22%
38,2,2014,7.49%
38,2,2012,6.19%
38,2,2009,0
38,2,2005,7.47%
38,2,2003,7.18%
38,2,2000,11.82%
38,2,1996,13.68%
38,3,2017,4.65%
38,3,2014,6.50%
38,3,2012,4.75%
38,3,2009,0
38,3,2005,9.58%
38,3,2003,7.48%
38,3,2000,8.84%
38,3,1996,8.80%
38,4,2017,7.26%
38,4,2014,5.13%
38,4,2012,3.21%
38,4,2009,0
38,4,2005,8.01%
38,4,2003,5.96%
38,4,2000,16.40%
38,4,1996,6.08%
39,1,2017,16.76%
39,1,2014,20.37%
39,1,2012,17.70%
39,1,2009,9.65%
39,1,2005,17.78%
39,1,2003,19.45%
39,1,2000,18.42%
39,1,1996,28.57%
39,2,2017,0
39,2,2014,19.15%
39,2,2012,26.41%
39,2,2009,10.06%
39,2,2005,16.08%
39,2,2003,15.41%
39,2,2000,18.20%
39,2,1996,22.50%
39,3,2017,28.70%
39,3,2014,6.88%
39,3,2012,13.59%
39,3,2009,12.63%
39,3,2005,15.40%
39,3,2003,15.04%
40,1,2017,7.12%
40,1,2014,11.51%
40,1,2012,7.99%
40,1,2009,7.72%
40,1,2005,8.80%
40,1,2003,9.35%
40,1,2000,11.09%
40,1,1996,13.67%
40,2,2017,7.73%
40,2,2014,8.32%
40,2,2012,5.83%
40,2,2009,6.02%
40,2,2005,4.92%
40,2,2003,7.27%
40,2,2000,11.92%
40,2,1996,9.61%
40,3,2017,0
40,3,2014,9.65%
40,3,2012,5.67%
40,3,2009,5.40%
40,3,2005,5.32%
40,3,2003,6.73%
40,3,2000,8.97%
40,3,1996,11.79%
40,4,2017,17.16%
40,4,2014,13.76%
40,4,2012,6.21%
40,4,2009,0
40,4,2005,7.20%
40,4,2003,6.77%
40,4,2000,10.20%
40,4,1996,11.17%
40,5,2017,10.08%
40,5,2014,10.18%
40,5,2012,4.63%
40,5,2009,0
40,5,2005,6.72%
40,5,2003,5.87%
40,5,2000,9.40%
40,5,1996,10.08%
40,6,2017,8.82%
40,6,2014,28.04%
40,6,2012,5.22%
40,6,2009,0
40,6,2005,4.59%
40,6,2003,4.41%
40,6,2000,7.31%
40,6,1996,10.27%
40,7,2017,12.50%
40,7,2014,29.46%
40,7,2012,5.49%
40,7,2009,0
40,7,2005,9.55%
40,7,2003,10.32%
40,7,2000,8.16%
40,7,1996,7.22%
40,8,2017,27.77%
40,8,2014,28.68%
40,8,2012,10.10%
40,8,2009,0
40,8,2005,8.69%
40,8,2003,9.26%
40,8,2000,10.91%
40,8,1996,13.77%
40,9,2017,14.83%
40,9,2014,14.20%
40,9,2012,10.44%
40,9,2009,8.68%
40,9,2005,10.51%
40,9,2003,11.17%
40,9,2000,18.98%
40,9,1996,21.66%
40,10,2017,15.51%
40,10,2014,14.06%
40,10,2012,10.56%
40,10,2009,8.96%
40,10,2005,8.29%
40,10,2003,15.62%
40,10,2000,17.45%
40,10,1996,16.52%
40,11,2017,0
40,11,2014,15.88%
40,11,2012,7.41%
40,11,2009,7.82%
40,11,2005,5.05%
40,11,2003,4.73%
40,11,2000,6.15%
40,11,1996,7.35%
41,1,2017,0
41,1,2014,6.35%
41,1,2012,6.87%
41,1,2009,0
41,1,2005,4.78%
41,1,2003,3.32%
41,1,2000,4.17%
41,1,1996,4.78%
41,2,2017,3.72%
41,2,2014,4.29%
41,2,2012,4.02%
41,2,2009,0
41,2,2005,3.71%
41,2,2003,17.56%
41,2,2000,4.95%
41,2,1996,6.26%
41,3,2017,21.74%
41,3,2014,6.30%
41,3,2012,4.92%
41,3,2009,5.47%
41,3,2005,5.71%
41,3,2003,7.12%
42,1,2017,8.58%
42,1,2014,10.08%
42,1,2012,9.12%
42,1,2009,6.14%
42,1,2005,7.14%
42,1,2003,6.09%
42,1,2000,7.53%
42,1,1996,8.91%
42,2,2017,8.94%
42,2,2014,6.87%
42,2,2012,4.76%
42,2,2009,0
42,2,2005,5.82%
42,2,2003,8.54%
42,2,2000,16.48%
42,2,1996,7.11%
42,3,2017,8.99%
42,3,2014,27.76%
42,3,2012,6.35%
42,3,2009,0
42,3,2005,0
42,3,2003,3.49%
42,3,2000,3.73%
42,3,1996,5.16%
42,4,2017,7.19%
42,4,2014,5.17%
42,4,2012,4.08%
42,4,2009,0
42,4,2005,0
42,4,2003,5.67%
42,4,2000,5.22%
42,4,1996,3.76%
43,1,2017,0
43,1,2014,8.52%
43,1,2012,5.91%
43,1,2009,3.93%
43,1,2005,5.16%
43,1,2003,6.71%
43,1,2000,10.51%
43,1,1996,7.55%
43,2,2017,0
43,2,2014,28.36%
43,2,2012,3.83%
43,2,2009,0
43,2,2005,4.67%
43,2,2003,5.44%
43,2,2000,6.63%
43,2,1996,4.63%
43,3,2017,26.40%
43,3,2014,22.92%
43,3,2012,5.03%
43,3,2009,0
43,3,2005,0
43,3,2003,2.45%
43,3,2000,4.16%
43,3,1996,3.62%
43,4,2017,0
43,4,2014,24.08%
43,4,2012,10.62%
43,4,2009,0
43,4,2005,0
43,4,2003,6.57%
43,4,2000,9.66%
43,4,1996,4.27%
43,5,2017,9.73%
43,5,2014,5.48%
43,5,2012,0
43,5,2009,0
43,5,2005,7.03%
43,5,2003,2.89%
43,5,2000,4.33%
44,1,2017,8.76%
44,1,2014,6.67%
44,1,2012,4.38%
44,1,2009,6.17%
44,1,2005,3.89%
44,1,2003,3.98%
44,1,2000,5.90%
44,1,1996,5.97%
44,2,2017,0
44,2,2014,10.92%
44,2,2012,5.97%
44,2,2009,0
44,2,2005,6.59%
44,2,2003,4.82%
44,2,2000,2.98%
44,2,1996,10.45%
44,3,2017,0
44,3,2014,10.25%
44,3,2012,4.15%
44,3,2009,0
44,3,2005,0
44,3,2003,2.70%
44,3,2000,6.38%
44,3,1996,6.75%
44,4,2017,3.07%
44,4,2014,2.82%
45,1,2017,11.61%
45,1,2014,7.82%
45,1,2012,3.94%
45,1,2009,4.92%
45,1,2005,4.10%
45,1,2003,4.67%
45,1,2000,3.74%
45,1,1996,6.33%
45,2,2017,21.19%
45,2,2014,21.61%
45,2,2012,6.95%
45,2,2009,0
45,2,2005,0
45,2,2003,2.81%
45,2,2000,6.48%
45,2,1996,5.61%
45,3,2017,10.58%
45,3,2014,21.50%
45,3,2012,18.21%
45,3,2009,0
45,3,2005,0
45,3,2003,5.75%
45,3,2000,6.55%
45,3,1996,10.05%
46,1,2017,0
46,1,2014,5.25%
46,1,2012,3.53%
46,1,2009,2.91%
46,1,2005,4.53%
46,1,2003,5.07%
46,1,2000,9.28%
46,1,1996,12.51%
46,2,2017,8.54%
46,2,2014,25.77%
46,2,2012,5.57%
46,2,2009,0
46,2,2005,0
46,2,2003,4.99%
46,2,2000,4.80%
46,2,1996,5.82%
46,3,2017,5.22%
46,3,2014,6.10%
46,3,2012,2.66%
46,3,2009,0
46,3,2005,0
46,3,2003,6.49%
46,3,2000,8.86%
46,3,1996,8.67%
46,4,2017,0
46,4,2014,9.28%
46,4,2012,6.61%
46,4,2009,0
46,4,2005,3.55%
46,4,2003,3.80%
46,4,2000,4.11%
46,4,1996,5.93%
46,5,2017,20.95%
46,5,2014,16.86%
46,5,2012,0
46,5,2009,5.80%
46,5,2005,6.72%
46,5,2003,3.84%
46,5,2000,5.07%
47,1,2017,39.90%
47,1,2014,39.82%
47,1,2012,18.39%
47,1,2009,14.30%
47,1,2005,13.98%
47,1,2003,12.40%
47,1,2000,30.90%
47,1,1996,27.03%
47,2,2017,0
47,2,2014,0
47,2,2012,0
47,2,2009,0
47,2,2005,4.47%
47,2,2003,4.91%
47,2,2000,16.18%
47,2,1996,0
47,3,2017,0
47,3,2014,0
47,3,2012,6.53%
47,3,2009,0
47,3,2005,3.55%
47,3,2003,4.02%
47,3,2000,0
47,3,1996,11.98%
47,4,2017,0
47,4,2014,0
47,4,2012,8.47%
47,4,2009,0
47,4,2005,10.80%
47,4,2003,14.53%
